--
-- PostgreSQL database dump
--

\restrict 5RXFQVch4rfJSTfBf3G7QelHavvs0EkWfLvjRTrA7uu0TQCysC0L1Lto6lKe3od

-- Dumped from database version 18.0
-- Dumped by pg_dump version 18.0

-- Started on 2025-08-27 13:20:59

SET statement_timeout = 0;
SET lock_timeout = 0;
SET idle_in_transaction_session_timeout = 0;
SET transaction_timeout = 0;
SET client_encoding = 'UTF8';
SET standard_conforming_strings = on;
SELECT pg_catalog.set_config('search_path', '', false);
SET check_function_bodies = false;
SET xmloption = content;
SET client_min_messages = warning;
SET row_security = off;

SET default_tablespace = '';

SET default_table_access_method = heap;

--
-- TOC entry 226 (class 1259 OID 16424)
-- Name: auth_group; Type: TABLE; Schema: public; Owner: postgres
--

CREATE TABLE public.auth_group (
    id integer NOT NULL,
    name character varying(150) NOT NULL
);


ALTER TABLE public.auth_group OWNER TO postgres;

--
-- TOC entry 225 (class 1259 OID 16423)
-- Name: auth_group_id_seq; Type: SEQUENCE; Schema: public; Owner: postgres
--

ALTER TABLE public.auth_group ALTER COLUMN id ADD GENERATED BY DEFAULT AS IDENTITY (
    SEQUENCE NAME public.auth_group_id_seq
    START WITH 1
    INCREMENT BY 1
    NO MINVALUE
    NO MAXVALUE
    CACHE 1
);


--
-- TOC entry 228 (class 1259 OID 16434)
-- Name: auth_group_permissions; Type: TABLE; Schema: public; Owner: postgres
--

CREATE TABLE public.auth_group_permissions (
    id bigint NOT NULL,
    group_id integer NOT NULL,
    permission_id integer NOT NULL
);


ALTER TABLE public.auth_group_permissions OWNER TO postgres;

--
-- TOC entry 227 (class 1259 OID 16433)
-- Name: auth_group_permissions_id_seq; Type: SEQUENCE; Schema: public; Owner: postgres
--

ALTER TABLE public.auth_group_permissions ALTER COLUMN id ADD GENERATED BY DEFAULT AS IDENTITY (
    SEQUENCE NAME public.auth_group_permissions_id_seq
    START WITH 1
    INCREMENT BY 1
    NO MINVALUE
    NO MAXVALUE
    CACHE 1
);


--
-- TOC entry 224 (class 1259 OID 16414)
-- Name: auth_permission; Type: TABLE; Schema: public; Owner: postgres
--

CREATE TABLE public.auth_permission (
    id integer NOT NULL,
    name character varying(255) NOT NULL,
    content_type_id integer NOT NULL,
    codename character varying(100) NOT NULL
);


ALTER TABLE public.auth_permission OWNER TO postgres;

--
-- TOC entry 223 (class 1259 OID 16413)
-- Name: auth_permission_id_seq; Type: SEQUENCE; Schema: public; Owner: postgres
--

ALTER TABLE public.auth_permission ALTER COLUMN id ADD GENERATED BY DEFAULT AS IDENTITY (
    SEQUENCE NAME public.auth_permission_id_seq
    START WITH 1
    INCREMENT BY 1
    NO MINVALUE
    NO MAXVALUE
    CACHE 1
);


--
-- TOC entry 230 (class 1259 OID 16443)
-- Name: auth_user; Type: TABLE; Schema: public; Owner: postgres
--

CREATE TABLE public.auth_user (
    id integer NOT NULL,
    password character varying(128) NOT NULL,
    last_login timestamp with time zone,
    is_superuser boolean NOT NULL,
    username character varying(150) NOT NULL,
    first_name character varying(150) NOT NULL,
    last_name character varying(150) NOT NULL,
    email character varying(254) NOT NULL,
    is_staff boolean NOT NULL,
    is_active boolean NOT NULL,
    date_joined timestamp with time zone NOT NULL
);


ALTER TABLE public.auth_user OWNER TO postgres;

--
-- TOC entry 232 (class 1259 OID 16462)
-- Name: auth_user_groups; Type: TABLE; Schema: public; Owner: postgres
--

CREATE TABLE public.auth_user_groups (
    id bigint NOT NULL,
    user_id integer NOT NULL,
    group_id integer NOT NULL
);


ALTER TABLE public.auth_user_groups OWNER TO postgres;

--
-- TOC entry 231 (class 1259 OID 16461)
-- Name: auth_user_groups_id_seq; Type: SEQUENCE; Schema: public; Owner: postgres
--

ALTER TABLE public.auth_user_groups ALTER COLUMN id ADD GENERATED BY DEFAULT AS IDENTITY (
    SEQUENCE NAME public.auth_user_groups_id_seq
    START WITH 1
    INCREMENT BY 1
    NO MINVALUE
    NO MAXVALUE
    CACHE 1
);


--
-- TOC entry 229 (class 1259 OID 16442)
-- Name: auth_user_id_seq; Type: SEQUENCE; Schema: public; Owner: postgres
--

ALTER TABLE public.auth_user ALTER COLUMN id ADD GENERATED BY DEFAULT AS IDENTITY (
    SEQUENCE NAME public.auth_user_id_seq
    START WITH 1
    INCREMENT BY 1
    NO MINVALUE
    NO MAXVALUE
    CACHE 1
);


--
-- TOC entry 234 (class 1259 OID 16471)
-- Name: auth_user_user_permissions; Type: TABLE; Schema: public; Owner: postgres
--

CREATE TABLE public.auth_user_user_permissions (
    id bigint NOT NULL,
    user_id integer NOT NULL,
    permission_id integer NOT NULL
);


ALTER TABLE public.auth_user_user_permissions OWNER TO postgres;

--
-- TOC entry 233 (class 1259 OID 16470)
-- Name: auth_user_user_permissions_id_seq; Type: SEQUENCE; Schema: public; Owner: postgres
--

ALTER TABLE public.auth_user_user_permissions ALTER COLUMN id ADD GENERATED BY DEFAULT AS IDENTITY (
    SEQUENCE NAME public.auth_user_user_permissions_id_seq
    START WITH 1
    INCREMENT BY 1
    NO MINVALUE
    NO MAXVALUE
    CACHE 1
);


--
-- TOC entry 244 (class 1259 OID 16637)
-- Name: codingapp_assessment; Type: TABLE; Schema: public; Owner: postgres
--

CREATE TABLE public.codingapp_assessment (
    id bigint NOT NULL,
    title character varying(255) NOT NULL,
    description text NOT NULL,
    duration_minutes integer NOT NULL,
    start_time timestamp with time zone NOT NULL,
    end_time timestamp with time zone NOT NULL,
    quiz_id bigint,
    CONSTRAINT codingapp_assessment_duration_minutes_check CHECK ((duration_minutes >= 0))
);


ALTER TABLE public.codingapp_assessment OWNER TO postgres;

--
-- TOC entry 256 (class 1259 OID 16815)
-- Name: codingapp_assessment_groups; Type: TABLE; Schema: public; Owner: postgres
--

CREATE TABLE public.codingapp_assessment_groups (
    id bigint NOT NULL,
    assessment_id bigint NOT NULL,
    group_id bigint NOT NULL
);


ALTER TABLE public.codingapp_assessment_groups OWNER TO postgres;

--
-- TOC entry 255 (class 1259 OID 16814)
-- Name: codingapp_assessment_groups_id_seq; Type: SEQUENCE; Schema: public; Owner: postgres
--

ALTER TABLE public.codingapp_assessment_groups ALTER COLUMN id ADD GENERATED BY DEFAULT AS IDENTITY (
    SEQUENCE NAME public.codingapp_assessment_groups_id_seq
    START WITH 1
    INCREMENT BY 1
    NO MINVALUE
    NO MAXVALUE
    CACHE 1
);


--
-- TOC entry 243 (class 1259 OID 16636)
-- Name: codingapp_assessment_id_seq; Type: SEQUENCE; Schema: public; Owner: postgres
--

ALTER TABLE public.codingapp_assessment ALTER COLUMN id ADD GENERATED BY DEFAULT AS IDENTITY (
    SEQUENCE NAME public.codingapp_assessment_id_seq
    START WITH 1
    INCREMENT BY 1
    NO MINVALUE
    NO MAXVALUE
    CACHE 1
);


--
-- TOC entry 246 (class 1259 OID 16652)
-- Name: codingapp_assessmentquestion; Type: TABLE; Schema: public; Owner: postgres
--

CREATE TABLE public.codingapp_assessmentquestion (
    id bigint NOT NULL,
    assessment_id bigint NOT NULL,
    question_id bigint NOT NULL,
    "order" integer NOT NULL,
    CONSTRAINT codingapp_assessmentquestion_order_check CHECK (("order" >= 0))
);


ALTER TABLE public.codingapp_assessmentquestion OWNER TO postgres;

--
-- TOC entry 245 (class 1259 OID 16651)
-- Name: codingapp_assessmentquestion_id_seq; Type: SEQUENCE; Schema: public; Owner: postgres
--

ALTER TABLE public.codingapp_assessmentquestion ALTER COLUMN id ADD GENERATED BY DEFAULT AS IDENTITY (
    SEQUENCE NAME public.codingapp_assessmentquestion_id_seq
    START WITH 1
    INCREMENT BY 1
    NO MINVALUE
    NO MAXVALUE
    CACHE 1
);


--
-- TOC entry 250 (class 1259 OID 16711)
-- Name: codingapp_assessmentsession; Type: TABLE; Schema: public; Owner: postgres
--

CREATE TABLE public.codingapp_assessmentsession (
    id bigint NOT NULL,
    start_time timestamp with time zone,
    assessment_id bigint NOT NULL,
    user_id integer NOT NULL,
    quiz_submitted boolean NOT NULL,
    end_time timestamp with time zone
);


ALTER TABLE public.codingapp_assessmentsession OWNER TO postgres;

--
-- TOC entry 249 (class 1259 OID 16710)
-- Name: codingapp_assessmentsession_id_seq; Type: SEQUENCE; Schema: public; Owner: postgres
--

ALTER TABLE public.codingapp_assessmentsession ALTER COLUMN id ADD GENERATED BY DEFAULT AS IDENTITY (
    SEQUENCE NAME public.codingapp_assessmentsession_id_seq
    START WITH 1
    INCREMENT BY 1
    NO MINVALUE
    NO MAXVALUE
    CACHE 1
);


--
-- TOC entry 248 (class 1259 OID 16661)
-- Name: codingapp_assessmentsubmission; Type: TABLE; Schema: public; Owner: postgres
--

CREATE TABLE public.codingapp_assessmentsubmission (
    id bigint NOT NULL,
    code text NOT NULL,
    language character varying(30) NOT NULL,
    submitted_at timestamp with time zone NOT NULL,
    score integer NOT NULL,
    output text,
    error text,
    assessment_id bigint NOT NULL,
    question_id bigint NOT NULL,
    user_id integer NOT NULL
);


ALTER TABLE public.codingapp_assessmentsubmission OWNER TO postgres;

--
-- TOC entry 247 (class 1259 OID 16660)
-- Name: codingapp_assessmentsubmission_id_seq; Type: SEQUENCE; Schema: public; Owner: postgres
--

ALTER TABLE public.codingapp_assessmentsubmission ALTER COLUMN id ADD GENERATED BY DEFAULT AS IDENTITY (
    SEQUENCE NAME public.codingapp_assessmentsubmission_id_seq
    START WITH 1
    INCREMENT BY 1
    NO MINVALUE
    NO MAXVALUE
    CACHE 1
);


--
-- TOC entry 276 (class 1259 OID 17054)
-- Name: codingapp_course; Type: TABLE; Schema: public; Owner: postgres
--

CREATE TABLE public.codingapp_course (
    id bigint NOT NULL,
    title character varying(255) NOT NULL,
    description text NOT NULL,
    difficulty character varying(20) NOT NULL,
    prerequisites text NOT NULL,
    time_to_complete interval NOT NULL,
    is_public boolean NOT NULL,
    created_at timestamp with time zone NOT NULL,
    created_by_id integer NOT NULL
);


ALTER TABLE public.codingapp_course OWNER TO postgres;

--
-- TOC entry 278 (class 1259 OID 17071)
-- Name: codingapp_course_groups; Type: TABLE; Schema: public; Owner: postgres
--

CREATE TABLE public.codingapp_course_groups (
    id bigint NOT NULL,
    course_id bigint NOT NULL,
    group_id bigint NOT NULL
);


ALTER TABLE public.codingapp_course_groups OWNER TO postgres;

--
-- TOC entry 277 (class 1259 OID 17070)
-- Name: codingapp_course_groups_id_seq; Type: SEQUENCE; Schema: public; Owner: postgres
--

ALTER TABLE public.codingapp_course_groups ALTER COLUMN id ADD GENERATED BY DEFAULT AS IDENTITY (
    SEQUENCE NAME public.codingapp_course_groups_id_seq
    START WITH 1
    INCREMENT BY 1
    NO MINVALUE
    NO MAXVALUE
    CACHE 1
);


--
-- TOC entry 275 (class 1259 OID 17053)
-- Name: codingapp_course_id_seq; Type: SEQUENCE; Schema: public; Owner: postgres
--

ALTER TABLE public.codingapp_course ALTER COLUMN id ADD GENERATED BY DEFAULT AS IDENTITY (
    SEQUENCE NAME public.codingapp_course_id_seq
    START WITH 1
    INCREMENT BY 1
    NO MINVALUE
    NO MAXVALUE
    CACHE 1
);


--
-- TOC entry 280 (class 1259 OID 17080)
-- Name: codingapp_coursecontent; Type: TABLE; Schema: public; Owner: postgres
--

CREATE TABLE public.codingapp_coursecontent (
    id bigint NOT NULL,
    title character varying(255) NOT NULL,
    video_url character varying(200),
    content text NOT NULL,
    "order" integer NOT NULL,
    course_id bigint NOT NULL,
    CONSTRAINT codingapp_coursecontent_order_check CHECK (("order" >= 0))
);


ALTER TABLE public.codingapp_coursecontent OWNER TO postgres;

--
-- TOC entry 279 (class 1259 OID 17079)
-- Name: codingapp_coursecontent_id_seq; Type: SEQUENCE; Schema: public; Owner: postgres
--

ALTER TABLE public.codingapp_coursecontent ALTER COLUMN id ADD GENERATED BY DEFAULT AS IDENTITY (
    SEQUENCE NAME public.codingapp_coursecontent_id_seq
    START WITH 1
    INCREMENT BY 1
    NO MINVALUE
    NO MAXVALUE
    CACHE 1
);


--
-- TOC entry 252 (class 1259 OID 16735)
-- Name: codingapp_group; Type: TABLE; Schema: public; Owner: postgres
--

CREATE TABLE public.codingapp_group (
    id bigint NOT NULL,
    name character varying(100) NOT NULL
);


ALTER TABLE public.codingapp_group OWNER TO postgres;

--
-- TOC entry 251 (class 1259 OID 16734)
-- Name: codingapp_group_id_seq; Type: SEQUENCE; Schema: public; Owner: postgres
--

ALTER TABLE public.codingapp_group ALTER COLUMN id ADD GENERATED BY DEFAULT AS IDENTITY (
    SEQUENCE NAME public.codingapp_group_id_seq
    START WITH 1
    INCREMENT BY 1
    NO MINVALUE
    NO MAXVALUE
    CACHE 1
);


--
-- TOC entry 254 (class 1259 OID 16745)
-- Name: codingapp_group_students; Type: TABLE; Schema: public; Owner: postgres
--

CREATE TABLE public.codingapp_group_students (
    id bigint NOT NULL,
    group_id bigint NOT NULL,
    user_id integer NOT NULL
);


ALTER TABLE public.codingapp_group_students OWNER TO postgres;

--
-- TOC entry 253 (class 1259 OID 16744)
-- Name: codingapp_group_students_id_seq; Type: SEQUENCE; Schema: public; Owner: postgres
--

ALTER TABLE public.codingapp_group_students ALTER COLUMN id ADD GENERATED BY DEFAULT AS IDENTITY (
    SEQUENCE NAME public.codingapp_group_students_id_seq
    START WITH 1
    INCREMENT BY 1
    NO MINVALUE
    NO MAXVALUE
    CACHE 1
);


--
-- TOC entry 238 (class 1259 OID 16573)
-- Name: codingapp_module; Type: TABLE; Schema: public; Owner: postgres
--

CREATE TABLE public.codingapp_module (
    id bigint NOT NULL,
    title character varying(255) NOT NULL,
    slug character varying(50) NOT NULL,
    description text
);


ALTER TABLE public.codingapp_module OWNER TO postgres;

--
-- TOC entry 258 (class 1259 OID 16824)
-- Name: codingapp_module_groups; Type: TABLE; Schema: public; Owner: postgres
--

CREATE TABLE public.codingapp_module_groups (
    id bigint NOT NULL,
    module_id bigint NOT NULL,
    group_id bigint NOT NULL
);


ALTER TABLE public.codingapp_module_groups OWNER TO postgres;

--
-- TOC entry 257 (class 1259 OID 16823)
-- Name: codingapp_module_groups_id_seq; Type: SEQUENCE; Schema: public; Owner: postgres
--

ALTER TABLE public.codingapp_module_groups ALTER COLUMN id ADD GENERATED BY DEFAULT AS IDENTITY (
    SEQUENCE NAME public.codingapp_module_groups_id_seq
    START WITH 1
    INCREMENT BY 1
    NO MINVALUE
    NO MAXVALUE
    CACHE 1
);


--
-- TOC entry 237 (class 1259 OID 16572)
-- Name: codingapp_module_id_seq; Type: SEQUENCE; Schema: public; Owner: postgres
--

ALTER TABLE public.codingapp_module ALTER COLUMN id ADD GENERATED BY DEFAULT AS IDENTITY (
    SEQUENCE NAME public.codingapp_module_id_seq
    START WITH 1
    INCREMENT BY 1
    NO MINVALUE
    NO MAXVALUE
    CACHE 1
);


--
-- TOC entry 284 (class 1259 OID 17151)
-- Name: codingapp_modulecompletion; Type: TABLE; Schema: public; Owner: postgres
--

CREATE TABLE public.codingapp_modulecompletion (
    id bigint NOT NULL,
    completed boolean NOT NULL,
    manually_marked boolean NOT NULL,
    completed_at timestamp with time zone NOT NULL,
    module_id bigint NOT NULL,
    user_id integer NOT NULL
);


ALTER TABLE public.codingapp_modulecompletion OWNER TO postgres;

--
-- TOC entry 283 (class 1259 OID 17150)
-- Name: codingapp_modulecompletion_id_seq; Type: SEQUENCE; Schema: public; Owner: postgres
--

ALTER TABLE public.codingapp_modulecompletion ALTER COLUMN id ADD GENERATED BY DEFAULT AS IDENTITY (
    SEQUENCE NAME public.codingapp_modulecompletion_id_seq
    START WITH 1
    INCREMENT BY 1
    NO MINVALUE
    NO MAXVALUE
    CACHE 1
);


--
-- TOC entry 270 (class 1259 OID 16978)
-- Name: codingapp_note; Type: TABLE; Schema: public; Owner: postgres
--

CREATE TABLE public.codingapp_note (
    id bigint NOT NULL,
    title character varying(200) NOT NULL,
    description text NOT NULL,
    file character varying(100) NOT NULL,
    uploaded_at timestamp with time zone NOT NULL,
    uploaded_by_id integer NOT NULL,
    group_id bigint
);


ALTER TABLE public.codingapp_note OWNER TO postgres;

--
-- TOC entry 269 (class 1259 OID 16977)
-- Name: codingapp_note_id_seq; Type: SEQUENCE; Schema: public; Owner: postgres
--

ALTER TABLE public.codingapp_note ALTER COLUMN id ADD GENERATED BY DEFAULT AS IDENTITY (
    SEQUENCE NAME public.codingapp_note_id_seq
    START WITH 1
    INCREMENT BY 1
    NO MINVALUE
    NO MAXVALUE
    CACHE 1
);


--
-- TOC entry 272 (class 1259 OID 17004)
-- Name: codingapp_notice; Type: TABLE; Schema: public; Owner: postgres
--

CREATE TABLE public.codingapp_notice (
    id bigint NOT NULL,
    title character varying(200) NOT NULL,
    content text NOT NULL,
    created_at timestamp with time zone NOT NULL,
    for_everyone boolean NOT NULL,
    attachment character varying(100),
    created_by_id integer NOT NULL,
    group_id bigint
);


ALTER TABLE public.codingapp_notice OWNER TO postgres;

--
-- TOC entry 271 (class 1259 OID 17003)
-- Name: codingapp_notice_id_seq; Type: SEQUENCE; Schema: public; Owner: postgres
--

ALTER TABLE public.codingapp_notice ALTER COLUMN id ADD GENERATED BY DEFAULT AS IDENTITY (
    SEQUENCE NAME public.codingapp_notice_id_seq
    START WITH 1
    INCREMENT BY 1
    NO MINVALUE
    NO MAXVALUE
    CACHE 1
);


--
-- TOC entry 274 (class 1259 OID 17018)
-- Name: codingapp_noticereadstatus; Type: TABLE; Schema: public; Owner: postgres
--

CREATE TABLE public.codingapp_noticereadstatus (
    id bigint NOT NULL,
    is_read boolean NOT NULL,
    read_at timestamp with time zone,
    notice_id bigint NOT NULL,
    user_id integer NOT NULL
);


ALTER TABLE public.codingapp_noticereadstatus OWNER TO postgres;

--
-- TOC entry 273 (class 1259 OID 17017)
-- Name: codingapp_noticereadstatus_id_seq; Type: SEQUENCE; Schema: public; Owner: postgres
--

ALTER TABLE public.codingapp_noticereadstatus ALTER COLUMN id ADD GENERATED BY DEFAULT AS IDENTITY (
    SEQUENCE NAME public.codingapp_noticereadstatus_id_seq
    START WITH 1
    INCREMENT BY 1
    NO MINVALUE
    NO MAXVALUE
    CACHE 1
);


--
-- TOC entry 240 (class 1259 OID 16588)
-- Name: codingapp_question; Type: TABLE; Schema: public; Owner: postgres
--

CREATE TABLE public.codingapp_question (
    id bigint NOT NULL,
    title character varying(200) NOT NULL,
    description text NOT NULL,
    test_cases jsonb NOT NULL,
    module_id bigint,
    correct_answer character varying(200) NOT NULL,
    options jsonb,
    question_type character varying(20) NOT NULL
);


ALTER TABLE public.codingapp_question OWNER TO postgres;

--
-- TOC entry 239 (class 1259 OID 16587)
-- Name: codingapp_question_id_seq; Type: SEQUENCE; Schema: public; Owner: postgres
--

ALTER TABLE public.codingapp_question ALTER COLUMN id ADD GENERATED BY DEFAULT AS IDENTITY (
    SEQUENCE NAME public.codingapp_question_id_seq
    START WITH 1
    INCREMENT BY 1
    NO MINVALUE
    NO MAXVALUE
    CACHE 1
);


--
-- TOC entry 262 (class 1259 OID 16881)
-- Name: codingapp_quiz; Type: TABLE; Schema: public; Owner: postgres
--

CREATE TABLE public.codingapp_quiz (
    id bigint NOT NULL,
    title character varying(255) NOT NULL,
    description text NOT NULL,
    created_at timestamp with time zone NOT NULL,
    created_by_id integer
);


ALTER TABLE public.codingapp_quiz OWNER TO postgres;

--
-- TOC entry 261 (class 1259 OID 16880)
-- Name: codingapp_quiz_id_seq; Type: SEQUENCE; Schema: public; Owner: postgres
--

ALTER TABLE public.codingapp_quiz ALTER COLUMN id ADD GENERATED BY DEFAULT AS IDENTITY (
    SEQUENCE NAME public.codingapp_quiz_id_seq
    START WITH 1
    INCREMENT BY 1
    NO MINVALUE
    NO MAXVALUE
    CACHE 1
);


--
-- TOC entry 264 (class 1259 OID 16893)
-- Name: codingapp_quiz_questions; Type: TABLE; Schema: public; Owner: postgres
--

CREATE TABLE public.codingapp_quiz_questions (
    id bigint NOT NULL,
    quiz_id bigint NOT NULL,
    question_id bigint NOT NULL
);


ALTER TABLE public.codingapp_quiz_questions OWNER TO postgres;

--
-- TOC entry 263 (class 1259 OID 16892)
-- Name: codingapp_quiz_questions_id_seq; Type: SEQUENCE; Schema: public; Owner: postgres
--

ALTER TABLE public.codingapp_quiz_questions ALTER COLUMN id ADD GENERATED BY DEFAULT AS IDENTITY (
    SEQUENCE NAME public.codingapp_quiz_questions_id_seq
    START WITH 1
    INCREMENT BY 1
    NO MINVALUE
    NO MAXVALUE
    CACHE 1
);


--
-- TOC entry 268 (class 1259 OID 16933)
-- Name: codingapp_quizanswer; Type: TABLE; Schema: public; Owner: postgres
--

CREATE TABLE public.codingapp_quizanswer (
    id bigint NOT NULL,
    selected_option character varying(200) NOT NULL,
    question_id bigint NOT NULL,
    submission_id bigint NOT NULL
);


ALTER TABLE public.codingapp_quizanswer OWNER TO postgres;

--
-- TOC entry 267 (class 1259 OID 16932)
-- Name: codingapp_quizanswer_id_seq; Type: SEQUENCE; Schema: public; Owner: postgres
--

ALTER TABLE public.codingapp_quizanswer ALTER COLUMN id ADD GENERATED BY DEFAULT AS IDENTITY (
    SEQUENCE NAME public.codingapp_quizanswer_id_seq
    START WITH 1
    INCREMENT BY 1
    NO MINVALUE
    NO MAXVALUE
    CACHE 1
);


--
-- TOC entry 266 (class 1259 OID 16922)
-- Name: codingapp_quizsubmission; Type: TABLE; Schema: public; Owner: postgres
--

CREATE TABLE public.codingapp_quizsubmission (
    id bigint NOT NULL,
    submitted_at timestamp with time zone NOT NULL,
    score integer NOT NULL,
    quiz_id bigint NOT NULL,
    user_id integer NOT NULL
);


ALTER TABLE public.codingapp_quizsubmission OWNER TO postgres;

--
-- TOC entry 265 (class 1259 OID 16921)
-- Name: codingapp_quizsubmission_id_seq; Type: SEQUENCE; Schema: public; Owner: postgres
--

ALTER TABLE public.codingapp_quizsubmission ALTER COLUMN id ADD GENERATED BY DEFAULT AS IDENTITY (
    SEQUENCE NAME public.codingapp_quizsubmission_id_seq
    START WITH 1
    INCREMENT BY 1
    NO MINVALUE
    NO MAXVALUE
    CACHE 1
);


--
-- TOC entry 282 (class 1259 OID 17120)
-- Name: codingapp_studentperformance; Type: TABLE; Schema: public; Owner: postgres
--

CREATE TABLE public.codingapp_studentperformance (
    id bigint NOT NULL,
    score numeric(5,2) NOT NULL,
    attempts integer NOT NULL,
    last_submitted timestamp with time zone NOT NULL,
    is_correct boolean NOT NULL,
    assessment_id bigint,
    question_id bigint,
    student_id integer NOT NULL,
    CONSTRAINT codingapp_studentperformance_attempts_check CHECK ((attempts >= 0))
);


ALTER TABLE public.codingapp_studentperformance OWNER TO postgres;

--
-- TOC entry 281 (class 1259 OID 17119)
-- Name: codingapp_studentperformance_id_seq; Type: SEQUENCE; Schema: public; Owner: postgres
--

ALTER TABLE public.codingapp_studentperformance ALTER COLUMN id ADD GENERATED BY DEFAULT AS IDENTITY (
    SEQUENCE NAME public.codingapp_studentperformance_id_seq
    START WITH 1
    INCREMENT BY 1
    NO MINVALUE
    NO MAXVALUE
    CACHE 1
);


--
-- TOC entry 242 (class 1259 OID 16600)
-- Name: codingapp_submission; Type: TABLE; Schema: public; Owner: postgres
--

CREATE TABLE public.codingapp_submission (
    id bigint NOT NULL,
    code text NOT NULL,
    language character varying(50) NOT NULL,
    submitted_at timestamp with time zone NOT NULL,
    status character varying(10) NOT NULL,
    output text,
    error text,
    question_id bigint NOT NULL,
    user_id integer NOT NULL
);


ALTER TABLE public.codingapp_submission OWNER TO postgres;

--
-- TOC entry 241 (class 1259 OID 16599)
-- Name: codingapp_submission_id_seq; Type: SEQUENCE; Schema: public; Owner: postgres
--

ALTER TABLE public.codingapp_submission ALTER COLUMN id ADD GENERATED BY DEFAULT AS IDENTITY (
    SEQUENCE NAME public.codingapp_submission_id_seq
    START WITH 1
    INCREMENT BY 1
    NO MINVALUE
    NO MAXVALUE
    CACHE 1
);


--
-- TOC entry 260 (class 1259 OID 16861)
-- Name: codingapp_userprofile; Type: TABLE; Schema: public; Owner: postgres
--

CREATE TABLE public.codingapp_userprofile (
    id bigint NOT NULL,
    profile_picture character varying(100),
    full_name character varying(100) NOT NULL,
    user_id integer NOT NULL
);


ALTER TABLE public.codingapp_userprofile OWNER TO postgres;

--
-- TOC entry 259 (class 1259 OID 16860)
-- Name: codingapp_userprofile_id_seq; Type: SEQUENCE; Schema: public; Owner: postgres
--

ALTER TABLE public.codingapp_userprofile ALTER COLUMN id ADD GENERATED BY DEFAULT AS IDENTITY (
    SEQUENCE NAME public.codingapp_userprofile_id_seq
    START WITH 1
    INCREMENT BY 1
    NO MINVALUE
    NO MAXVALUE
    CACHE 1
);


--
-- TOC entry 236 (class 1259 OID 16532)
-- Name: django_admin_log; Type: TABLE; Schema: public; Owner: postgres
--

CREATE TABLE public.django_admin_log (
    id integer NOT NULL,
    action_time timestamp with time zone NOT NULL,
    object_id text,
    object_repr character varying(200) NOT NULL,
    action_flag smallint NOT NULL,
    change_message text NOT NULL,
    content_type_id integer,
    user_id integer NOT NULL,
    CONSTRAINT django_admin_log_action_flag_check CHECK ((action_flag >= 0))
);


ALTER TABLE public.django_admin_log OWNER TO postgres;

--
-- TOC entry 235 (class 1259 OID 16531)
-- Name: django_admin_log_id_seq; Type: SEQUENCE; Schema: public; Owner: postgres
--

ALTER TABLE public.django_admin_log ALTER COLUMN id ADD GENERATED BY DEFAULT AS IDENTITY (
    SEQUENCE NAME public.django_admin_log_id_seq
    START WITH 1
    INCREMENT BY 1
    NO MINVALUE
    NO MAXVALUE
    CACHE 1
);


--
-- TOC entry 222 (class 1259 OID 16402)
-- Name: django_content_type; Type: TABLE; Schema: public; Owner: postgres
--

CREATE TABLE public.django_content_type (
    id integer NOT NULL,
    app_label character varying(100) NOT NULL,
    model character varying(100) NOT NULL
);


ALTER TABLE public.django_content_type OWNER TO postgres;

--
-- TOC entry 221 (class 1259 OID 16401)
-- Name: django_content_type_id_seq; Type: SEQUENCE; Schema: public; Owner: postgres
--

ALTER TABLE public.django_content_type ALTER COLUMN id ADD GENERATED BY DEFAULT AS IDENTITY (
    SEQUENCE NAME public.django_content_type_id_seq
    START WITH 1
    INCREMENT BY 1
    NO MINVALUE
    NO MAXVALUE
    CACHE 1
);


--
-- TOC entry 220 (class 1259 OID 16390)
-- Name: django_migrations; Type: TABLE; Schema: public; Owner: postgres
--

CREATE TABLE public.django_migrations (
    id bigint NOT NULL,
    app character varying(255) NOT NULL,
    name character varying(255) NOT NULL,
    applied timestamp with time zone NOT NULL
);


ALTER TABLE public.django_migrations OWNER TO postgres;

--
-- TOC entry 219 (class 1259 OID 16389)
-- Name: django_migrations_id_seq; Type: SEQUENCE; Schema: public; Owner: postgres
--

ALTER TABLE public.django_migrations ALTER COLUMN id ADD GENERATED BY DEFAULT AS IDENTITY (
    SEQUENCE NAME public.django_migrations_id_seq
    START WITH 1
    INCREMENT BY 1
    NO MINVALUE
    NO MAXVALUE
    CACHE 1
);


--
-- TOC entry 285 (class 1259 OID 17176)
-- Name: django_session; Type: TABLE; Schema: public; Owner: postgres
--

CREATE TABLE public.django_session (
    session_key character varying(40) NOT NULL,
    session_data text NOT NULL,
    expire_date timestamp with time zone NOT NULL
);


ALTER TABLE public.django_session OWNER TO postgres;

--
-- TOC entry 5294 (class 0 OID 16424)
-- Dependencies: 226
-- Data for Name: auth_group; Type: TABLE DATA; Schema: public; Owner: postgres
--

COPY public.auth_group (id, name) FROM stdin;
\.


--
-- TOC entry 5296 (class 0 OID 16434)
-- Dependencies: 228
-- Data for Name: auth_group_permissions; Type: TABLE DATA; Schema: public; Owner: postgres
--

COPY public.auth_group_permissions (id, group_id, permission_id) FROM stdin;
\.


--
-- TOC entry 5292 (class 0 OID 16414)
-- Dependencies: 224
-- Data for Name: auth_permission; Type: TABLE DATA; Schema: public; Owner: postgres
--

COPY public.auth_permission (id, name, content_type_id, codename) FROM stdin;
1	Can add log entry	1	add_logentry
2	Can change log entry	1	change_logentry
3	Can delete log entry	1	delete_logentry
4	Can view log entry	1	view_logentry
5	Can add permission	2	add_permission
6	Can change permission	2	change_permission
7	Can delete permission	2	delete_permission
8	Can view permission	2	view_permission
9	Can add group	3	add_group
10	Can change group	3	change_group
11	Can delete group	3	delete_group
12	Can view group	3	view_group
13	Can add user	4	add_user
14	Can change user	4	change_user
15	Can delete user	4	delete_user
16	Can view user	4	view_user
17	Can add content type	5	add_contenttype
18	Can change content type	5	change_contenttype
19	Can delete content type	5	delete_contenttype
20	Can view content type	5	view_contenttype
21	Can add session	6	add_session
22	Can change session	6	change_session
23	Can delete session	6	delete_session
24	Can view session	6	view_session
25	Can add module	7	add_module
26	Can change module	7	change_module
27	Can delete module	7	delete_module
28	Can view module	7	view_module
29	Can add question	8	add_question
30	Can change question	8	change_question
31	Can delete question	8	delete_question
32	Can view question	8	view_question
33	Can add submission	9	add_submission
34	Can change submission	9	change_submission
35	Can delete submission	9	delete_submission
36	Can view submission	9	view_submission
37	Can add assessment	10	add_assessment
38	Can change assessment	10	change_assessment
39	Can delete assessment	10	delete_assessment
40	Can view assessment	10	view_assessment
41	Can add assessment question	11	add_assessmentquestion
42	Can change assessment question	11	change_assessmentquestion
43	Can delete assessment question	11	delete_assessmentquestion
44	Can view assessment question	11	view_assessmentquestion
45	Can add assessment submission	12	add_assessmentsubmission
46	Can change assessment submission	12	change_assessmentsubmission
47	Can delete assessment submission	12	delete_assessmentsubmission
48	Can view assessment submission	12	view_assessmentsubmission
49	Can add assessment session	13	add_assessmentsession
50	Can change assessment session	13	change_assessmentsession
51	Can delete assessment session	13	delete_assessmentsession
52	Can view assessment session	13	view_assessmentsession
53	Can add group	14	add_group
54	Can change group	14	change_group
55	Can delete group	14	delete_group
56	Can view group	14	view_group
57	Can add user profile	15	add_userprofile
58	Can change user profile	15	change_userprofile
59	Can delete user profile	15	delete_userprofile
60	Can view user profile	15	view_userprofile
61	Can add quiz	16	add_quiz
62	Can change quiz	16	change_quiz
63	Can delete quiz	16	delete_quiz
64	Can view quiz	16	view_quiz
65	Can add quiz submission	17	add_quizsubmission
66	Can change quiz submission	17	change_quizsubmission
67	Can delete quiz submission	17	delete_quizsubmission
68	Can view quiz submission	17	view_quizsubmission
69	Can add quiz answer	18	add_quizanswer
70	Can change quiz answer	18	change_quizanswer
71	Can delete quiz answer	18	delete_quizanswer
72	Can view quiz answer	18	view_quizanswer
73	Can add note	19	add_note
74	Can change note	19	change_note
75	Can delete note	19	delete_note
76	Can view note	19	view_note
77	Can add notice	20	add_notice
78	Can change notice	20	change_notice
79	Can delete notice	20	delete_notice
80	Can view notice	20	view_notice
81	Can add notice read status	21	add_noticereadstatus
82	Can change notice read status	21	change_noticereadstatus
83	Can delete notice read status	21	delete_noticereadstatus
84	Can view notice read status	21	view_noticereadstatus
85	Can add course	22	add_course
86	Can change course	22	change_course
87	Can delete course	22	delete_course
88	Can view course	22	view_course
89	Can add course content	23	add_coursecontent
90	Can change course content	23	change_coursecontent
91	Can delete course content	23	delete_coursecontent
92	Can view course content	23	view_coursecontent
93	Can add student performance	24	add_studentperformance
94	Can change student performance	24	change_studentperformance
95	Can delete student performance	24	delete_studentperformance
96	Can view student performance	24	view_studentperformance
97	Can add module completion	25	add_modulecompletion
98	Can change module completion	25	change_modulecompletion
99	Can delete module completion	25	delete_modulecompletion
100	Can view module completion	25	view_modulecompletion
\.


--
-- TOC entry 5298 (class 0 OID 16443)
-- Dependencies: 230
-- Data for Name: auth_user; Type: TABLE DATA; Schema: public; Owner: postgres
--

COPY public.auth_user (id, password, last_login, is_superuser, username, first_name, last_name, email, is_staff, is_active, date_joined) FROM stdin;
1	pbkdf2_sha256$1000000$sXwBJZRcZxhotsLDgrXuXk$QY7R1bRU0GExxsZOOu0oBa63rEcpPAR9OFrSgDeQLrw=	2025-10-22 12:49:38.53531+05:30	f	sasiram	Sasiram	A	sasiram990@gmail.com	f	t	2025-10-22 12:49:38.149663+05:30
19	pbkdf2_sha256$1000000$UaUlKX1mUuHET39kNtWHe7$F4nUmsIZaoMPVWrtjTB2pNWAiEo0zGlb086lVJIAcrA=	2025-10-22 14:16:17.64611+05:30	f	24AG1A6659	Sheela	Lakshmi Chaturya	slchaturya@gmail.com	f	t	2025-10-22 14:16:17.172863+05:30
3	pbkdf2_sha256$1000000$ujWFHX3vhNFe06dlbtRvZV$zmuZLm0/8Y9w7gE74JfL967vKUjblfdSfjgd07zgvYs=	2025-10-22 13:18:29.811482+05:30	t	vsrgunturi			vsrgunturi@gmail.com	t	t	2025-10-22 13:18:13.963505+05:30
4	pbkdf2_sha256$1000000$0dbpEtDNHoz7PX6oDyRoaU$fs6EdDLLXKkFMcb9SDDul+L93oI3LxXT9A+TfR+94DI=	2025-10-22 14:14:45.976587+05:30	f	24ag1a6641	Sai	Abhishek	reachsaiabhishek@gmail.com	f	t	2025-10-22 14:14:45.430387+05:30
36	pbkdf2_sha256$1000000$yzl3RFJFdvUsNWgBa2PxlC$KK2Vy0l3hebawIYpi9Gu9sfKwPYHIc+wYILsYle3NOw=	2025-10-22 14:27:17.815252+05:30	f	24AG1A6630	manasa	kanchibatla	manasakanchibatla@gmail.com	f	t	2025-10-22 14:17:03.250767+05:30
33	pbkdf2_sha256$1000000$8qQkCzJKyQ6YcybbaoldSS$RAqyaXjdujHIzcuK6NvNYBWZgxGXZjr1461DOhmK48k=	2025-10-22 15:41:43.107233+05:30	f	24AG1A6611	B.sudheerga		sudheergabollapally@gmail.com	f	t	2025-10-22 14:16:57.96306+05:30
7	pbkdf2_sha256$1000000$gFdYNUHS9ilDNxOIPgf0wM$NpJLOtxkV0CSgiKmeZ+o4DZrFHtdR1i3CghrVzMvEQg=	2025-10-22 14:15:19.742495+05:30	f	23AG1A6656	sk	khaja mohinuddin pasha	23ag1a6656@gmail.com	f	t	2025-10-22 14:15:19.252652+05:30
8	pbkdf2_sha256$1000000$3ctzp4yHHzDxQDbLJGtzQD$jOC/QEGWU9xp0+goymUQm8VEWzSwY2DFL56jrDDvHFY=	2025-10-22 14:15:20.028632+05:30	f	24AG1A6614	ch	sreyak reddy	sreyakreddychada@gmail.com	f	t	2025-10-22 14:15:19.527993+05:30
9	pbkdf2_sha256$1000000$kfaCCAkOPL3MfokEhMkcPm$Bf8argMLQE1jdA24B8SpCX+BFRPpWWLpHzcxCKkt8+4=	2025-10-22 14:15:20.343399+05:30	f	23AG1A6622	Gugulothu	Shilpa	shilpagugulothu2772@gmail.com	f	t	2025-10-22 14:15:19.864951+05:30
10	pbkdf2_sha256$1000000$9xNdoE3FwYMePMg8yqIzNY$tbNTJZYxr1TjuTXrTm/qp+SQLZSog0i2EHN74yanOBg=	2025-10-22 14:15:20.826509+05:30	f	24AG5A6601	annagoni	saikumar	saikumar95123@gmail.com	f	t	2025-10-22 14:15:20.353556+05:30
11	pbkdf2_sha256$1000000$xsklanix2FGPbIQy4T4ELt$snP+kR/rBKizcp9v0cETdLDE7FFj21HQ0PMVCNIDjeE=	2025-10-22 14:15:27.028751+05:30	f	23AG1A6644	Veeran	Reddy	23ag1a6644@gmail.com	f	t	2025-10-22 14:15:26.533703+05:30
12	pbkdf2_sha256$1000000$SxJkiaGCjz0eopQ7LGx3gP$tSMFk6I036wAE1vRzpA8iJ4ptrZ1nT/ijMDGzaGbXsM=	2025-10-22 14:15:34.556964+05:30	f	24ag1a6654@	poturaju	nanda kishore	poturajunandakishore@gmail.com	f	t	2025-10-22 14:15:34.075048+05:30
13	pbkdf2_sha256$1000000$15vGbcieJ5Y5HUGoGYqrx7$/n5BWpX7vENZtM6JcvMYfywjA/MaZ/7cO3l0hF7FUzs=	2025-10-22 14:15:36.67783+05:30	f	23ag1a6642	sameer		mail2sameer777@gmail.com	f	t	2025-10-22 14:15:36.072071+05:30
14	pbkdf2_sha256$1000000$tBe0qBE1i9pT0noWsMkS7r$xFnIH8bIbObF7UH24IYsVwUZyWX1Yyrp9lHgwh1HeoI=	2025-10-22 14:15:39.419387+05:30	f	23AG1A6623	HARSHA	VARDHAN	23AG1A6623@gmail.com	f	t	2025-10-22 14:15:38.947881+05:30
15	pbkdf2_sha256$1000000$mijvcyFopi6iGujpepy9eA$dEuJllsLO4wk0UoJgpbSmrtaY1rMs1m1TahS3QrwD38=	2025-10-22 14:15:40.963511+05:30	f	24AG1A6625	G.JWALA		golijwalareddy11@gmail.com	f	t	2025-10-22 14:15:40.468816+05:30
6	pbkdf2_sha256$1000000$fMqNV21ZC2lbGQ9GzHaYpV$ThpUStCevl8OCNk6lNnmztLrhHRCNjuRlQHnJRKl0ro=	2025-10-22 15:25:01.988885+05:30	f	23AG1A6645	Badrinath	Pamukuntla	23ag1a6645@gmail.com	f	t	2025-10-22 14:14:58.994596+05:30
18	pbkdf2_sha256$1000000$ZSJ3ZlApNWsuWKhDy305EF$B3bgQTqdXtmA12dPOnlblo7paRYsgBbBr1YLUA/PINM=	2025-10-22 14:16:02.079518+05:30	f	23ag1a6638	varun		makthalavarun@gmail.com	f	t	2025-10-22 14:16:01.59295+05:30
20	pbkdf2_sha256$1000000$YwGrzr2Nmafw2PX8SBYjx0$ExFksYqRoDFZltct1dL++bP5wM3akPQj1eMvbQn+RsQ=	2025-10-22 14:16:19.310711+05:30	f	23ag1a6606	Arishe	Pramod	apramod913@gmail.com	f	t	2025-10-22 14:16:18.83042+05:30
21	pbkdf2_sha256$1000000$sBCYDGSiW2SyRpqvxyclGH$SPpcV+f11OVBODDZrCck4sSqVEPnbcwkKHuSoQ0NOfg=	2025-10-22 14:16:19.41244+05:30	f	23AG1A6613	Bura	Keerthi	bkeerthi2023@gmail.com	f	t	2025-10-22 14:16:18.942909+05:30
22	pbkdf2_sha256$1000000$KdQ88LTaDHPhcf8n7PD9A2$q9OxOsRNn8OaAB/Z+L74K8Hmd3U+ugZPciMHWzBw+tU=	2025-10-22 14:16:24.121896+05:30	f	23AG1A6640	M	Sree Varnitha	sreevarnitha6640@gmail.com	f	t	2025-10-22 14:16:23.647811+05:30
17	pbkdf2_sha256$1000000$Octeh2vuiU6fc7CJQc1S7Q$f0LKIJdfbw03wsBEFHe4IPgQlhM/d8OZcB6f1m9UptE=	2025-10-22 14:16:25.335194+05:30	f	24AG1A6644	Mohammed	Amir	amirsacredheart@gmail.com	f	t	2025-10-22 14:15:59.414241+05:30
23	pbkdf2_sha256$1000000$RhK6fDhxe7V6VAay1EadI7$4V0hn/yKe2B4nM2p58xtPUmbo+DWpK4oAH49a9DPzXY=	2025-10-22 14:16:29.954999+05:30	f	24AG1A6641@	M	SRI KRISHNA CHAITANYA	mail2mchaitanya@gmail.com	f	t	2025-10-22 14:16:29.336251+05:30
24	pbkdf2_sha256$1000000$gFS7pKWu1nyRHyD9DfgMu4$7PDHE/P8zuKML4hU37v1LFDRWZmSGO6AKO3UutL89a4=	2025-10-22 14:16:30.310379+05:30	f	23AG1A6629	Karingula	DIleep	karinguladileep056@gmail.com	f	t	2025-10-22 14:16:29.841695+05:30
25	pbkdf2_sha256$1000000$hr6js46kBOk3ZyyE2mbE3J$K38vrlu1TXI6D/o/Rc3PVezznLENbuiPCD0R7q+c77Y=	2025-10-22 14:16:33.339264+05:30	f	23AG1A6620	GUDA	RAJA KRISHNA	gudarajakrishna@gmail.com	f	t	2025-10-22 14:16:32.877943+05:30
26	pbkdf2_sha256$1000000$6uOsLnToc6iXrwRhisLKOD$VCVsJ8pYOAeTchOs1qazgtlxRQ/XWU5Dtrnpr+waE2w=	2025-10-22 14:16:38.181046+05:30	f	24AG1A6605	Battala	Vaishnavi	battalavaishnavi@gmail.com	f	t	2025-10-22 14:16:37.68949+05:30
27	pbkdf2_sha256$1000000$5375BJmnF3C5z44WTHJBpM$yIUlj+wv3Nk4s14oCjeLtDcIpiN3wcHl1x3bxe1IYRY=	2025-10-22 14:16:38.783969+05:30	f	24AG1A6607	pallavibingi		pallavibingi12@gmail.com	f	t	2025-10-22 14:16:38.313425+05:30
28	pbkdf2_sha256$1000000$DrVEtJrBVVddhpfloYPtQC$YYGYr2R9Kb3P8Iegg5a/4XEK7Lzc/29XH7WQIDa/Deo=	2025-10-22 14:16:44.032612+05:30	f	24AG1A6640	Vishwa	Teja	mail2vishwateja@gmail.com	f	t	2025-10-22 14:16:43.569394+05:30
29	pbkdf2_sha256$1000000$DJzxa3ZvOuRDMxY7UmNgLK$tO746BKF+LVTUlwDvcfYUjreRFVNvQvPtFaSQZH3PZU=	2025-10-22 14:16:47.157449+05:30	f	23AG1A6643	Sohail	Hussain	sohailhussain7780@gmail.com	f	t	2025-10-22 14:16:46.674634+05:30
30	pbkdf2_sha256$1000000$y6WIsABL9QrUPGPkDvo0lM$fsShEFZn6gUIAzJvm6XoyfX0SxPjXBlN1NMrrutNPwk=	2025-10-22 14:16:49.693535+05:30	f	24AG1A6648	Naini	shashank reddy	nainishashankreddy2006@gmail.com	f	t	2025-10-22 14:16:49.191463+05:30
31	pbkdf2_sha256$1000000$kArXh56Fni6ev4vuvrfCWl$b56rM6eS1sizaDwzNyVEd9IgpGhRifKAlKuSTSmQOzc=	2025-10-22 14:16:54.146655+05:30	f	24AG1A6664	Y.SAIKIRAN		yelugamsaikiran@gmail.com	f	t	2025-10-22 14:16:53.663449+05:30
32	pbkdf2_sha256$1000000$jX6gjYm33P2nNRxIhokDHC$6AOMhUp1+NMrVqvgecOrbvpepbZI30DojbH75VFbpTI=	2025-10-22 14:16:55.259878+05:30	f	24AG1A6657	Manaswini	Reddy	mail2manaswinis@gmail.com	f	t	2025-10-22 14:16:54.761033+05:30
2	pbkdf2_sha256$1000000$9VjUKjgNyT2vz2EIsTKPxu$4U+wHbSrqm5Y9Jy6JOVNV+B/bTqp9WXAJ5tY7rxyl7A=	2025-08-27 13:11:13.617194+05:30	t	sasiram1			sasiram@gmail.com	t	t	2025-10-22 12:52:05.60764+05:30
34	pbkdf2_sha256$1000000$ORPAEJ9XWKq1HfYKaHkmdo$eyv7Jio/Kps56TJwSFu/ZvGG22bDoXuD282SBYgGDWA=	2025-10-22 14:16:58.443091+05:30	f	24AG1A6601	SRIVALLI		akulasrivalli97@gmail.com	f	t	2025-10-22 14:16:57.96306+05:30
5	pbkdf2_sha256$1000000$WdkPZjSd74ckVZfA6cYpmJ$IB2cPMKeXYQZE2dsun2OMSmchYOHZpvn7HR6sm9Jtc8=	2025-10-22 14:14:50.781056+05:30	f	24AG1A6639	Kurnala	Pranavi Sai	mailtopranavisai@gmail.com	f	t	2025-10-22 14:14:50.288644+05:30
16	pbkdf2_sha256$1000000$OVCIMqplIEYyRraiEiBQGe$rYSFyqFmZwEr3mpLfX1dTbRwsEqb5WyJx0eCXfl+upg=	2025-10-22 15:22:51.576788+05:30	f	23AG1A6649	Sai	Sharan	sharanramasani0555@gmail.com	f	t	2025-10-22 14:15:49.062314+05:30
37	pbkdf2_sha256$1000000$Q0JDzqfUUsaIyIUhtZz6KU$NSPZ0WhcQVvkkL6MWYr+5UpZRsBToBKC26RqbeJpVhE=	2025-10-22 14:17:03.871779+05:30	f	24AG1A6637	srihasini	kotagiri	kotagirisrihasini@gmail.com	f	t	2025-10-22 14:17:03.384078+05:30
38	pbkdf2_sha256$1000000$QFcFPkbuVA6yt1vK5sURPM$JsFk+xOfQtKyMDfNOskx3RkRQ6XTi7hudQc0KQigsBA=	2025-10-22 14:17:05.420632+05:30	f	25AG5A6601	buddi	ujjiyeni	buddiujjiyeni@gmail.com	f	t	2025-10-22 14:17:04.930652+05:30
39	pbkdf2_sha256$1000000$hLXNxEd9lNNm3A07OJsIK5$eEMLfV/F6i7FTqbacCpVoibgjKkX5giXdex/GbABAkA=	2025-10-22 14:17:08.089691+05:30	f	snigdha@9	snigdha	naidu bonthu	bonthusnigdhanaidu@gmail.com	f	t	2025-10-22 14:17:07.597253+05:30
35	pbkdf2_sha256$1000000$EFtnQHbH1qVnHZCh8l5K9g$i5AIcJak30b31/MCk4PNIHtclVwS3/x0dXNEHaVp6vw=	2025-10-22 14:17:24.234129+05:30	f	24AG1A6647	N.	SHASHANK VISHNU DATTA	nagula.shashankvishnudatta@gmail.com	f	t	2025-10-22 14:17:00.586993+05:30
40	pbkdf2_sha256$1000000$Mc7mfPFQMmOCCRUEGCo4Ym$+ApUscj/X2Qyr544ZeadN7oID9ph3f11xbfnMob9sqc=	2025-10-22 14:17:14.953624+05:30	f	24AG1A6623	Janaki	Raam Gadde	janakiraamgadde@gmail.com	f	t	2025-10-22 14:17:14.466603+05:30
41	pbkdf2_sha256$1000000$OLgEjM5rNjdXKjwOHjA7l3$2cYsLtFuk3Fjmj1FC4zf9XvUmZgxhT3WrectP0gT0SI=	2025-10-22 14:17:23.66983+05:30	f	24AG1A6655	Samhika	Puli	samhikareddypuli@gmail.com	f	t	2025-10-22 14:17:23.187012+05:30
42	pbkdf2_sha256$1000000$kyHu55fIAvwKMO6XACLsyh$TZX/IJqbxOeAiKdX6c0lBUth3pw9KhpMPQkjckVtwmE=	2025-10-22 14:17:33.69773+05:30	f	24ag1a66f2	Shoubhit.G		shoubhit.gamer@gmail.com	f	t	2025-10-22 14:17:33.191889+05:30
43	pbkdf2_sha256$1000000$TGIipuoIwO25lzqRDuVgHq$tSqqyELeTrPD9DG4PK/jdsZEjJg5E4fmZz8h+YtYsPQ=	2025-10-22 14:17:34.328857+05:30	f	24AG1A6654@.	NANDAKISHORE		poturajunandakishore@gmail.com	f	t	2025-10-22 14:17:33.852538+05:30
44	pbkdf2_sha256$1000000$ZvdPChO3B0QuAjJqbRvziz$WYVO+lDgufQXEOl5vPwhUuhlyfJFHljfIJyTUd0kUcM=	2025-10-22 14:17:38.263973+05:30	f	23ag1a6625	thanuja		thanujainturi1277@gmail.com	f	t	2025-10-22 14:17:37.776862+05:30
45	pbkdf2_sha256$1000000$kY6nLXhN2WjHpkvNC69mNJ$MlUtmE36p+o2myBANEa4gX0DxZh+AVt18WAh/LNW+zA=	2025-10-22 14:17:41.177065+05:30	f	24AG1A6608	Anusha	Bobbili	anushabobbili798@gmail.com	f	t	2025-10-22 14:17:40.703391+05:30
46	pbkdf2_sha256$1000000$OIrr3eq0JUoLUaSpniWkaD$rqlkO+W2JIEivC8lSxxFRE3s19ROwSUuMdhCEC9aCgg=	2025-10-22 14:17:55.999237+05:30	f	23AG1A6608	Alekhya		alekhya0213@gmail.com	f	t	2025-10-22 14:17:55.39811+05:30
47	pbkdf2_sha256$1000000$jpcmQvXuD3motPxul721bA$f8L8NVRRNcLmdEGBbEGrNRDA3w5pPYj+qa9fvC0wr2Q=	2025-10-22 14:17:56.902834+05:30	f	23AG1A6660	Laxmiprasanna		laxmiprasanna2805@gmail.com	f	t	2025-10-22 14:17:56.416593+05:30
48	pbkdf2_sha256$1000000$E7ejC0r9buRInGcKFYqban$pdG3xc83z+37ZrmX5XVJFh5NJFiJFidQqi6ltD+seVg=	2025-10-22 14:18:05.610226+05:30	f	24ag1a6606	NAYANASREE		nayanasri297@gmail.com	f	t	2025-10-22 14:18:05.131818+05:30
49	pbkdf2_sha256$1000000$KpNzv4diq2gHEOIDUJREve$JBhw9JUZRGuL/VzUviuoW+CEW7O2VhWtp0TrFejuSD0=	2025-10-22 14:18:21.71429+05:30	f	24ag1a6638	K.Nandini		nandini6638@gmail.com	f	t	2025-10-22 14:18:21.227582+05:30
50	pbkdf2_sha256$1000000$X30tTbK0MNNjlpTUZx4eym$wUJp1WrWOokb3xZlHqGrLvWmh9eHHWrLx5F6yu7pN3g=	2025-10-22 14:18:27.6842+05:30	f	23AG1A6639	M.Srija	Reddy	sreejaa3115@gmail.com	f	t	2025-10-22 14:18:27.073412+05:30
51	pbkdf2_sha256$1000000$9IHlZR4Tkffm0ROx3TdAVS$cnlqJJ/yQxc2HIZof9Mcp3lk4t/N64przfi9ycO827s=	2025-10-22 14:18:29.181753+05:30	f	24AG1A6620	D.Priya	Darshini	priyadumbala17@gmail.com	f	t	2025-10-22 14:18:28.681221+05:30
52	pbkdf2_sha256$1000000$VOccISw0hoLVOeOV9knqnZ$CebwQinm1uvFBYHlKHitCsdXx6S59UllEGZOfZV8FeI=	2025-10-22 14:18:49.409997+05:30	f	24AG1A6653	Vydika	Podduturi	vydikapodduturi2212@gmail.com	f	t	2025-10-22 14:18:48.919851+05:30
53	pbkdf2_sha256$1000000$3RvgqxhgJE27o2fk39jaid$d5NbTeBvVSOErdGxXZ56AT0DmAP3W4W5ONwwPGBrvxI=	2025-10-22 14:19:07.597401+05:30	f	23AG1A6647	panumatinti	Navya	navyapanumatinti9393@gmail.com	f	t	2025-10-22 14:19:07.124386+05:30
54	pbkdf2_sha256$1000000$yLi1Hy87Fcd9iA37ut9qY3$w/IJ+jaQz8Au7vdOKFng84r0wUvZvd//u1zWyEfuz8k=	2025-10-22 14:20:31.749438+05:30	f	23ag1a6637	williams		williamsmaria7382@gmail.com	f	t	2025-10-22 14:20:31.279872+05:30
55	pbkdf2_sha256$1000000$yWbcv59c9mXyxUHZe3B70u$Q+uyQ+c9jvFfE1im95L7oUWyiCk6Z+MwH1UsfVKlIPs=	2025-10-22 14:20:46.162157+05:30	f	hansika@_123	hansika	makthala	makthalahansika@gmail.com	f	t	2025-10-22 14:20:45.688302+05:30
56	pbkdf2_sha256$1000000$BCvCE9mDCuKUSvJVG0R5Y8$TMtM9HrWKiuV6Cf6g99wPv/bJ4oMcUnonlRl/jHzXOI=	2025-10-22 14:22:00.352136+05:30	f	23AG1A6631	Kayitha	sairachana	kayithasairachana@gmail.com	f	t	2025-10-22 14:21:59.881772+05:30
57	pbkdf2_sha256$1000000$n2c3IgpLXqD9NHDa0iqeeU$vX9cBmJgCkGfhkGyRImCX2HsPedeM46Z0e7cCHUeYzU=	2025-10-22 14:22:03.65083+05:30	f	24ag5a6604	Dandu	swetha	danduswetha34@gmail.com	f	t	2025-10-22 14:22:03.155025+05:30
60	pbkdf2_sha256$1000000$ZulNcysEviOqzGTyf5dRg0$m5dnaEg8up1PN9/q3YthwsbEs14QGO8rRAbheeYb1w4=	2025-10-22 14:22:43.299864+05:30	f	24ag1a6609	Boini	ramcharan	ramcharanboini04@gmail.com	f	t	2025-10-22 14:22:42.797033+05:30
61	pbkdf2_sha256$1000000$gZbqMkQgWqY3D3z0Rs6iYV$zvkDulEFeBLqcWs7KQ9LnN1Wr2VakDvz4AyDuf3xVXU=	2025-10-22 14:25:17.97583+05:30	f	sree_janavi15	SREE	JANAVI	mail2sreejanavi@gmail.com	f	t	2025-10-22 14:25:17.488503+05:30
62	pbkdf2_sha256$1000000$8MwMHS3mwxkzB44RPMJemH$UT5AtSsMYm7fljqQpEbzZ2R2F8XHwvaHczIouIcKd5I=	2025-10-22 14:27:11.31412+05:30	f	prasanna	S.Prasanna	Laxmi	siddenkiprasannalaxmi@gmail.com	f	t	2025-10-22 14:27:10.959456+05:30
66	pbkdf2_sha256$1000000$7rPIDct0Iy6zuuPMQ5bXcP$Rox6D511HEzJeCFKa2h2Zh1JpHfQvbNqoPaNwQ88/MM=	2025-10-22 15:04:51.550853+05:30	f	shoubhit_csm	G.Shoubhitt		arrowsonuu@gmail.com	f	t	2025-10-22 15:04:51.015042+05:30
67	pbkdf2_sha256$1000000$Ib401AFglXkUwGs8qB4QyN$a6PLQsRg+7X/fEcE5BDupgcDiHJNm7Q5BwShU7DwPfU=	2025-10-22 15:08:28.225076+05:30	f	rockybhai	rocksandchill		arrowsonu@gmail.com	f	t	2025-10-22 15:08:27.713127+05:30
64	pbkdf2_sha256$1000000$sDrIkOwvVcG01MxflE6ZR4$4EyHxDmkireVcvbc/0AA9EUIn3q1ZoMEsWe9YS8UVjI=	2025-10-22 14:32:37.761853+05:30	f	23ag1a6630	nandini		sindhu89080@gmail.com	f	t	2025-10-22 14:32:37.171986+05:30
59	pbkdf2_sha256$1000000$RY7T9EETQjZFhKB8ObcL8K$d4kTO0gkdLB3sE1z4r7vz+RFVc3RKqeBQAodD9K5fdo=	2025-10-22 14:37:15.363665+05:30	f	24ag5a6606	Sindhuja		sindhu80890@gmail.com	f	t	2025-10-22 14:22:24.139208+05:30
63	pbkdf2_sha256$1000000$XvYjA2Kk8VyCf9gz9Yp82I$Wcyn6PITn1VexFPnkxTmDCMlSMM8ZwT1QKYrmZlktP0=	2025-10-22 14:39:28.641306+05:30	f	Akanksha_25	Kommu	Akanksha	mail2k.akanksha@gmail.com	f	t	2025-10-22 14:31:39.925719+05:30
65	pbkdf2_sha256$1000000$4kWolhhH9Er8I6g2V1GZF3$Sww3sY3c5ykO/T52PMwltGVxcnItIfejn8UlvJkHVqc=	2025-10-22 14:54:17.598103+05:30	f	shoubhit	G.Shoubhit		shoubhit.gamer@gmail.com	f	t	2025-10-22 14:54:17.016228+05:30
58	pbkdf2_sha256$1000000$KEe7Aywa2iJP0PnScvJ7jo$Ho2YvSJGUxDqDsAiSvQ+VblINiTgXhNmFyEEgEHxQ9E=	2025-10-22 15:20:18.488548+05:30	f	25AG5A6606	Medaboina	Dinesh Chandra Kumar	dineshmedaboina36@gmail.com	f	t	2025-10-22 14:22:08.191326+05:30
68	pbkdf2_sha256$1000000$Wu4lcZUxN5zz9tdad0JnpA$WG66O70SVCiR9Tm316XWnal1XXuSRWZPs/NUkqCypv8=	2025-10-22 15:20:30.843098+05:30	f	Sairachana	Kayitha	sairachana	kayithasairachana@gmail.com	f	t	2025-10-22 15:20:30.350389+05:30
\.


--
-- TOC entry 5300 (class 0 OID 16462)
-- Dependencies: 232
-- Data for Name: auth_user_groups; Type: TABLE DATA; Schema: public; Owner: postgres
--

COPY public.auth_user_groups (id, user_id, group_id) FROM stdin;
\.


--
-- TOC entry 5302 (class 0 OID 16471)
-- Dependencies: 234
-- Data for Name: auth_user_user_permissions; Type: TABLE DATA; Schema: public; Owner: postgres
--

COPY public.auth_user_user_permissions (id, user_id, permission_id) FROM stdin;
\.


--
-- TOC entry 5312 (class 0 OID 16637)
-- Dependencies: 244
-- Data for Name: codingapp_assessment; Type: TABLE DATA; Schema: public; Owner: postgres
--

COPY public.codingapp_assessment (id, title, description, duration_minutes, start_time, end_time, quiz_id) FROM stdin;
4	Contest - 1	10/22/2025	120	2025-10-22 13:31:00+05:30	2025-10-22 15:33:00+05:30	\N
\.


--
-- TOC entry 5324 (class 0 OID 16815)
-- Dependencies: 256
-- Data for Name: codingapp_assessment_groups; Type: TABLE DATA; Schema: public; Owner: postgres
--

COPY public.codingapp_assessment_groups (id, assessment_id, group_id) FROM stdin;
5	4	1
\.


--
-- TOC entry 5314 (class 0 OID 16652)
-- Dependencies: 246
-- Data for Name: codingapp_assessmentquestion; Type: TABLE DATA; Schema: public; Owner: postgres
--

COPY public.codingapp_assessmentquestion (id, assessment_id, question_id, "order") FROM stdin;
49	4	2	0
50	4	3	0
51	4	4	0
52	4	1	0
\.


--
-- TOC entry 5318 (class 0 OID 16711)
-- Dependencies: 250
-- Data for Name: codingapp_assessmentsession; Type: TABLE DATA; Schema: public; Owner: postgres
--

COPY public.codingapp_assessmentsession (id, start_time, assessment_id, user_id, quiz_submitted, end_time) FROM stdin;
31	2025-10-22 14:20:58.288299+05:30	4	38	f	2025-10-22 15:56:13.418629+05:30
4	2025-10-22 13:31:48.726212+05:30	4	2	f	2025-10-22 13:33:25.503138+05:30
20	2025-10-22 14:20:55.566246+05:30	4	20	f	\N
51	2025-10-22 14:21:28.883514+05:30	4	17	f	\N
53	2025-10-22 14:22:02.71117+05:30	4	54	f	\N
56	2025-10-22 14:23:44.982356+05:30	4	60	f	\N
57	2025-10-22 14:23:44.982356+05:30	4	58	f	\N
58	2025-10-22 14:24:21.958176+05:30	4	53	f	\N
60	2025-10-22 14:24:43.568357+05:30	4	57	f	\N
55	2025-10-22 14:23:34.56294+05:30	4	59	f	2025-10-22 14:30:32.8975+05:30
8	2025-10-22 14:20:53.152447+05:30	4	42	f	2025-10-22 14:34:48.76493+05:30
10	2025-10-22 14:20:53.470039+05:30	4	36	f	2025-10-22 14:58:30.705035+05:30
5	2025-10-22 14:20:51.455206+05:30	4	41	f	2025-10-22 15:04:47.00053+05:30
59	2025-10-22 14:24:26.133051+05:30	4	56	f	2025-10-22 15:05:04.9301+05:30
36	2025-10-22 14:21:00.585928+05:30	4	40	f	2025-10-22 15:05:48.632013+05:30
28	2025-10-22 14:20:57.733481+05:30	4	23	f	2025-10-22 15:06:12.002076+05:30
42	2025-10-22 14:21:01.998445+05:30	4	46	f	2025-10-22 15:08:30.271038+05:30
47	2025-10-22 14:21:17.615589+05:30	4	18	f	2025-10-22 15:09:44.614732+05:30
15	2025-10-22 14:20:54.480087+05:30	4	44	f	2025-10-22 15:11:44.458832+05:30
13	2025-10-22 14:20:53.685406+05:30	4	5	f	2025-10-22 15:12:42.874991+05:30
25	2025-10-22 14:20:56.838387+05:30	4	30	f	2025-10-22 15:14:10.282927+05:30
44	2025-10-22 14:21:05.260569+05:30	4	22	f	2025-10-22 15:15:55.065988+05:30
46	2025-10-22 14:21:11.960076+05:30	4	50	f	2025-10-22 15:15:56.58993+05:30
6	2025-10-22 14:20:52.251164+05:30	4	7	f	2025-10-22 15:19:16.87392+05:30
21	2025-10-22 14:20:55.595882+05:30	4	15	f	2025-10-22 15:20:04.940254+05:30
32	2025-10-22 14:20:58.531557+05:30	4	34	f	2025-10-22 15:20:35.480185+05:30
12	2025-10-22 14:20:53.655716+05:30	4	19	f	2025-10-22 15:21:03.256776+05:30
24	2025-10-22 14:20:56.551614+05:30	4	13	f	2025-10-22 15:21:31.429261+05:30
9	2025-10-22 14:20:53.348036+05:30	4	4	f	2025-10-22 15:21:33.955594+05:30
38	2025-10-22 14:21:00.77061+05:30	4	39	f	2025-10-22 15:21:37.895184+05:30
11	2025-10-22 14:20:53.572046+05:30	4	10	f	2025-10-22 15:21:39.10572+05:30
41	2025-10-22 14:21:01.642291+05:30	4	49	f	2025-10-22 15:21:39.107719+05:30
22	2025-10-22 14:20:55.705361+05:30	4	25	f	2025-10-22 15:21:56.669853+05:30
27	2025-10-22 14:20:57.59086+05:30	4	27	f	2025-10-22 15:22:10.06161+05:30
54	2025-10-22 14:22:05.177842+05:30	4	55	f	2025-10-22 15:22:13.317255+05:30
17	2025-10-22 14:20:54.622449+05:30	4	8	f	2025-10-22 15:22:19.620207+05:30
19	2025-10-22 14:20:55.184754+05:30	4	48	f	2025-10-22 15:23:08.99309+05:30
7	2025-10-22 14:20:52.331922+05:30	4	16	f	2025-10-22 15:23:35.896093+05:30
52	2025-10-22 14:21:37.769676+05:30	4	29	f	2025-10-22 15:23:41.289468+05:30
50	2025-10-22 14:21:28.061674+05:30	4	35	f	2025-10-22 15:29:01.043026+05:30
49	2025-10-22 14:21:26.541407+05:30	4	31	f	2025-10-22 15:29:08.756195+05:30
48	2025-10-22 14:21:22.612547+05:30	4	43	f	2025-10-22 15:30:39.471356+05:30
18	2025-10-22 14:20:54.888638+05:30	4	26	f	2025-10-22 15:35:47.318749+05:30
43	2025-10-22 14:21:03.046939+05:30	4	32	f	2025-10-22 15:35:51.327847+05:30
37	2025-10-22 14:21:00.586441+05:30	4	51	f	2025-10-22 15:39:39.097459+05:30
34	2025-10-22 14:20:59.002759+05:30	4	52	f	2025-10-22 15:39:43.205892+05:30
26	2025-10-22 14:20:56.940823+05:30	4	33	f	2025-10-22 15:41:43.140319+05:30
61	2025-10-22 14:27:36.596196+05:30	4	61	f	2025-10-22 15:47:30.163361+05:30
40	2025-10-22 14:21:01.642291+05:30	4	28	f	2025-10-22 15:47:31.818367+05:30
63	2025-10-22 14:51:19.456842+05:30	4	63	f	2025-10-22 15:47:48.630811+05:30
35	2025-10-22 14:21:00.57587+05:30	4	37	f	2025-10-22 15:48:00.311223+05:30
62	2025-10-22 14:28:01.080078+05:30	4	62	f	2025-10-22 15:48:30.418981+05:30
14	2025-10-22 14:20:54.223942+05:30	4	9	f	2025-10-22 15:49:39.73022+05:30
33	2025-10-22 14:20:58.797705+05:30	4	47	f	2025-10-22 15:49:42.121706+05:30
30	2025-10-22 14:20:58.288299+05:30	4	21	f	2025-10-22 15:49:54.497191+05:30
39	2025-10-22 14:21:00.80044+05:30	4	11	f	2025-10-22 15:54:33.882368+05:30
16	2025-10-22 14:20:54.540623+05:30	4	14	f	2025-10-22 15:54:36.757228+05:30
23	2025-10-22 14:20:56.147073+05:30	4	6	f	2025-10-22 15:54:47.0783+05:30
45	2025-10-22 14:21:10.958184+05:30	4	24	f	2025-10-22 15:55:21.845193+05:30
29	2025-10-22 14:20:58.041338+05:30	4	45	f	2025-10-22 15:56:11.29719+05:30
\.


--
-- TOC entry 5316 (class 0 OID 16661)
-- Dependencies: 248
-- Data for Name: codingapp_assessmentsubmission; Type: TABLE DATA; Schema: public; Owner: postgres
--

COPY public.codingapp_assessmentsubmission (id, code, language, submitted_at, score, output, error, assessment_id, question_id, user_id) FROM stdin;
1	def sumArray(arr):\r\n    return sum(arr)\r\n\r\nif __name__ == "__main__":\r\n    n = int(input())\r\n    arr = list(map(int, input().split()))\r\n    result = sumArray(arr)\r\n    print(result)	python	2025-10-22 13:32:32.446277+05:30	2	20\n4	\n	4	1	2
2	def averageMarks(marks):\r\n    total = sum(marks)\r\n    n = len(marks)\r\n    avg = total / n\r\n    return round(avg, 2)\r\n\r\nif __name__ == "__main__":\r\n    n = int(input())\r\n    marks = list(map(int, input().split()))\r\n    result = averageMarks(marks)\r\n    print(f"{result:.2f}")	python	2025-10-22 13:33:00.29588+05:30	2	86.33\n100.00	\n	4	2	2
3	def isLeapYear(year):\r\n    if (year % 400 == 0) or (year % 4 == 0 and year % 100 != 0):\r\n        return "Leap Year"\r\n    else:\r\n        return "Not a Leap Year"\r\n\r\nif __name__ == "__main__":\r\n    year = int(input())\r\n    print(isLeapYear(year))	python	2025-10-22 13:33:16.864817+05:30	2	Not a Leap Year\nLeap Year	\n	4	3	2
68	n = int(input())\r\nmarks = list(map(int,input().split()))\r\navg = sum(marks) / n\r\nprint(f"{avg:.2f}")	python	2025-10-22 14:41:02.807892+05:30	2	86.33\n100.00	\n	4	2	44
145	#include<stdio.h>\r\nint main()\r\n{\r\nint n;\r\nscanf("%d",&n);\r\nint arr[n];\r\nfloat avg=0;\r\nint s=0;\r\nfor(int i=0;i<n;i++)\r\n{\r\nscanf("%d",&arr[i]);\r\n}\r\nfor(int i=0;i<n;i++)\r\n{\r\ns+=arr[i];\r\n}\r\n  avg=(float)s/n;\r\nprintf("%.2f",avg);\r\n}	c	2025-10-22 15:09:31.802798+05:30	2	86.33\n100.00	\n	4	2	38
153	#include<stdio.h>\r\nint main()\r\n{\r\nint n;\r\nscanf("%d",&n);\r\nif((n%4==0)&&(n%100!=0))\r\nprintf("Leap Year");\r\nelse\r\nprintf("Not a Leap Year");\r\n}	c	2025-10-22 15:12:58.784646+05:30	2	Not a Leap Year\nLeap Year	\n	4	3	48
32	#include<stdio.h>\r\n#include<stdlib.h>\r\nint main()\r\n{\r\nint n,i,a[i],sum=0;\r\nscanf("%d",&n);\r\nfor(i=0;i<=n;i++)\r\n{\r\nscanf("%d",&a[i]);\r\n}\r\nfor(i=0;i<=n;i++)\r\n{\r\nsum=sum+a[i];\r\n}\r\nprintf("%d",sum);\r\nreturn 0;\r\n}	c	2025-10-22 14:31:56.438495+05:30	2	20\n4	\n	4	1	8
12	def sumArray(arr):\r\n    return sum(arr)\r\n\r\n# Reading input\r\nn = int(input())\r\narr = list(map(int, input().split()))\r\n\r\n# Calculating and printing the result\r\nprint(sumArray(arr))	python	2025-10-22 14:27:21.446517+05:30	2	20\n4	\n	4	1	42
20	n=input()\r\ni=n[::-1]\r\nif i==n:\r\n  print("Palindrome")\r\nelse:\r\n  print("Not a Palindrome")	python	2025-10-22 14:30:10.130036+05:30	2	Not a Palindrome\nPalindrome	\n	4	4	14
187	#include<stdio.h>\r\nint main()\r\n{\r\nint n,reverse=0,remainder;\r\nscanf("%d",&n);\r\nint original=n;\r\nwhile(n!=0)\r\n{\r\nremainder=n%10;\r\nreverse=reverse*10+remainder;\r\nn/=10;\r\n}\r\nif(original==reverse)\r\n{\r\nprintf("Palindrome");\r\n}\r\nelse\r\nprintf("Not a Palindrome");\r\n}	c	2025-10-22 15:47:57.291405+05:30	2	Not a Palindrome\nPalindrome	\n	4	4	38
22	#include<stdio.h>\r\nint main(){\r\n  int n;\r\n  scanf("%d",&n);\r\nint arr[n],re=0;\r\nfor(int i=1;i<=n;i++){\r\n  scanf("%d",&arr[i]);\r\n}\r\nfor(int i=1;i<=n;i++){\r\n  re+=arr[i];\r\n}\r\nprintf("%d",re);\r\n  return 0;\r\n}	c	2025-10-22 14:30:28.388195+05:30	2	20\n4	\n	4	1	30
46	#include<stdio.h>\r\n#include<stdlib.h>\r\nint main(){\r\nint sum=0,n,a[n];\r\nscanf("%d",&n);\r\nfor(int i=0;i<n;i++){\r\nscanf("%d",&a[i]);\r\n sum=sum+a[i];\r\n}\r\nprintf("%d",sum);\r\n}	c	2025-10-22 14:34:40.442021+05:30	2	20\n4	\n	4	1	32
6	#include <stdio.h>\r\nint main()\r\n{\r\nint n;\r\nint s=0;\r\n  scanf("%d",&n);\r\nint arr[n];\r\nfor(int i=0;i<n;i++)\r\n{\r\nscanf("%d",&arr[i]);\r\n}\r\nfor(int i=0;i<n;i++)\r\n{\r\ns+=arr[i];\r\n}\r\nprintf("%d",s);\r\nreturn 0;\r\n}	c	2025-10-22 14:26:15.110059+05:30	2	20\n4	\n	4	1	33
164	#include<stdio.h>\r\nint main()\r\n{\r\n  int x,y,z,n;\r\n  scanf("%d",&n);\r\n  z=n;\r\n  while(n!=0){\r\n  x=n%10;\r\n  y=y*10+x;\r\n  n=n/10;}\r\n  if(y==z)\r\n  printf("Palindrome");\r\n  else\r\n  printf("Not a Palindrome");\r\n}	c	2025-10-22 15:21:04.800755+05:30	2	Not a Palindrome\nPalindrome	\n	4	4	48
38	n = int(input())\r\narray = list(map(int, input().split()))\r\ntotal = sum(array)\r\nprint(total)	python	2025-10-22 14:32:53.326324+05:30	2	20\n4	\n	4	1	50
47	def sumArray(arr):\r\n    return sum(arr)\r\n\r\nif __name__=="__main__":\r\n    n = int(input())\r\n    arr=list(map(int, input().split()))\r\n    result = sumArray(arr)\r\n    print(result)	python	2025-10-22 14:35:20.076104+05:30	2	20\n4	\n	4	1	9
11	#include<stdio.h>\r\nint main(){\r\nint n;\r\nscanf("%d",&n);\r\nint arr[n];\r\nfor(int i=0;i<n;i++){\r\nscanf("%d",&arr[i]);\r\n}\r\nint sum=0;\r\nfor(int i=0;i<n;i++){\r\nsum=sum+arr[i];\r\n}\r\nprintf("%d",sum);\r\nreturn 0;\r\n}	c	2025-10-22 14:27:01.499204+05:30	2	20\n4	\n	4	1	5
9	import java.util.*;\r\npublic class Main{\r\npublic static void main(String args[]){\r\n\tScanner sc=new Scanner(System.in);\r\n    int n=sc.nextInt();\r\n    int[] arr=new int[n];\r\n    int sum=0;\r\n  \tArrays.fill(arr,0);\r\n    \r\n    for(int i=0;i<n;i++){\r\n    \tarr[i]=sc.nextInt();\r\n    }\r\n    \r\n    for(int i=0;i<arr.length;i++){\r\n    \tsum+=arr[i];\r\n    }\r\n    System.out.println(sum);\r\n}\r\n}	java	2025-10-22 14:26:34.585037+05:30	2	20\n4	\n	4	1	27
8	#include<stdio.h>\r\nint main(){\r\n  int i,n,a[n],result=0;\r\n  scanf("%d",&n);\r\n  for(i=0;i<n;i++){\r\n    scanf("%d ",&a[i]);\r\n  }\r\n  for(i=0;i<n;i++){\r\n    result=result+a[i];\r\n  }\r\n  printf("%d",result);\r\n}	c	2025-10-22 14:26:25.914773+05:30	2	20\n4	\n	4	1	41
14	n=input()\r\ni=n[::-1]\r\nif i==n:\r\n  print("Palindrome")\r\nelse:\r\n  print("Not a Palindrome")	python	2025-10-22 14:28:01.566302+05:30	2	Not a Palindrome\nPalindrome	\n	4	4	6
30	n=int(input())\r\narr=list(map(int,input().split()))\r\ntotal=sum(arr)\r\nprint(total)	python	2025-10-22 14:31:43.787238+05:30	2	20\n4	\n	4	1	44
146	word=input()\r\nif word==word[::-1]:\r\n\tprint("Palindrome")\r\nelse:\r\n\tprint("Not a Palindrome")	python	2025-10-22 15:10:15.536203+05:30	2	Not a Palindrome\nPalindrome	\n	4	4	35
17	n=int(input())\r\narr=list(map(int,input().split()))\r\ntotal=sum(arr)\r\nprint(total)	python	2025-10-22 14:29:24.982204+05:30	2	20\n4	\n	4	1	54
154	#include<stdio.h>\r\nint main(){\r\nint n;\r\nint a=0;\r\nscanf("%d",&n);\r\nint z=n;\r\nwhile(n!=0){\r\n  a=a*10+n%10;\r\n  n=n/10;\r\n}\r\nif(a==z){\r\n   printf("Palindrome");\r\n}\r\nelse{\r\n   printf("Not a Palindrome");\r\n}\r\n}	c	2025-10-22 15:13:18.626932+05:30	2	Not a Palindrome\nPalindrome	\n	4	4	55
21	n = int(input())\r\narr = list(map(int, input().split()))\r\ntotal = sum(arr)\r\nprint(total)	python	2025-10-22 14:30:16.005173+05:30	2	20\n4	\n	4	1	18
4	import java.util.*;\r\npublic class svd{\r\n  public static void main(String[] arg){\r\n    Scanner x=new Scanner(System.in);\r\n    int n=x.nextInt();\r\n    int[] svd=new int[n];\r\n    for(int i=0;i<n;i++)\r\n    {\r\n        svd[i]=x.nextInt();\r\n    }\r\n    int s=0;\r\n    for(int i=0;i<n;i++)\r\n    {\r\n        s+=svd[i];\r\n    }\r\n    System.out.print(s);\r\n  }\r\n}	java	2025-10-22 14:26:00.494132+05:30	2	20\n4	\n	4	1	35
24	n=input()\r\ni=n[::-1]\r\nif i==n:\r\n  print("Palindrome")\r\nelse:\r\n  print("Not a Palindrome")	python	2025-10-22 14:30:36.626075+05:30	2	Not a Palindrome\nPalindrome	\n	4	4	20
23	n = int(input())\r\narr = list(map(int, input().split()))\r\ntotal = sum(arr)\r\nprint(total)	python	2025-10-22 14:30:31.113562+05:30	2	20\n4	\n	4	1	46
10	#include<stdio.h>\r\n#include<stdlib.h>\r\nint main(){\r\n int n,s=0;\r\n scanf("%d",&n);\r\n int arr[n];\r\n for(int i=0;i<n;i++){\r\n  scanf("%d",&arr[i]);\r\n }\r\n for(int i=0;i<n;i++){\r\n  s+=arr[i];\r\n }\r\n printf("%d",s);\r\n}	c	2025-10-22 14:26:38.319461+05:30	2	20\n4	\n	4	1	23
26	def sumArray(arr):\r\n    return sum(arr)\r\n\r\nif __name__ == "__main__":\r\n    n = int(input())\r\n    arr = list(map(int, input().split()))\r\n    result = sumArray(arr)\r\n    print(result)	python	2025-10-22 14:31:00.969792+05:30	2	20\n4	\n	4	1	17
15	#include<stdio.h>\r\nint main(){\r\n int n,sum=0;\r\n scanf("%d",&n);\r\n int a[n];\r\n for(int i=0;i<n;i++){\r\n  scanf("%d",&a[i]);\r\n }\r\n for(int i=0;i<n;i++){\r\n   sum+=a[i];\r\n }\r\n printf("%d",sum);\r\n return 0;\r\n}	c	2025-10-22 14:28:42.229209+05:30	2	20\n4	\n	4	1	39
5	#include <stdio.h>\r\nint main()\r\n{\r\nint n,i;\r\nint a[100];\r\nint sum = 0;\r\nscanf("%d",&n);\r\nfor(i=0;i<n;i++)\r\n{\r\nscanf("%d",&a[i]);\r\n  \r\n}\r\nfor(i=0;i<n;i++)\r\n{\r\nsum=sum+a[i];\r\n}\r\nprintf("%d",sum);\r\n}	c	2025-10-22 14:26:11.262701+05:30	2	20\n4	\n	4	1	19
29	def sumArray(arr):\r\n  return sum(arr)\r\nn=int(input())\r\narr=list(map(int, input().split()))\r\nprint(sumArray(arr))	python	2025-10-22 14:31:27.479308+05:30	2	20\n4	\n	4	1	57
18	import java.util.*;\r\npulic class svd{\r\n public statics void main(string[]arg){\r\n  scanner x=new scanner(system.in);\r\n  int n=x.nextInput();\r\n  int[] svd=new int[n];\r\n  for(int i=0;i<n;i++)\r\n  {\r\n   svd[i]=x.nextInt();\r\n  }\r\n  int s=0;\r\n  for(int i=0;i<n;i++)\r\n  {\r\n   s+=svd[i];\r\n \r\n  }\r\n  system.out.print(s);\r\n  }\r\n  }	java	2025-10-22 14:29:27.204918+05:30	0		solution.java:2: error: class, interface, or enum expected\npulic class svd{\n^\nsolution.java:3: error: <identifier> expected\n public statics void main(string[]arg){\n               ^\n2 errors\nerror: compilation failed\nsolution.java:2: error: class, interface, or enum expected\npulic class svd{\n^\nsolution.java:3: error: <identifier> expected\n public statics void main(string[]arg){\n               ^\n2 errors\nerror: compilation failed	4	1	43
25	#include<stdio.h>\r\nint main()\r\n{\r\n  int n;\r\n  int s=0;\r\n  scanf("%d",&n);\r\n  int arr[n];\r\n  float avg=0;\r\n  for(int i=0;i<n;i++)\r\n  {\r\n    scanf("%d",&arr[i]);\r\n  }\r\n    for(int i=0;i<n;i++)\r\n    {\r\n      s+=arr[i];\r\n    }\r\n  avg=(float)s/n;\r\n  printf("%.2f",avg);\r\n  return 0;\r\n}	c	2025-10-22 14:31:00.940217+05:30	2	86.33\n100.00	\n	4	2	33
163	#include<stdio.h>\r\nint main()\r\n{\r\nint year;\r\nscanf("%d",&year);\r\nif((year%400==0)||(year%4==0&&year%100!=0)){\r\nprintf(" Leap Year",year);\r\n}\r\nelse\r\nprintf("Not a Leap Year ",year);\r\n}	c	2025-10-22 15:20:48.093477+05:30	2	Not a Leap Year\nLeap Year	\n	4	3	38
28	#include<stdio.h>\r\nint main()\r\n{\r\n int n,result=0;\r\n scanf("%d",&n);\r\n  int arr[n];\r\n for(int i=0;i<n;i++)\r\n {\r\n   scanf("%d",&arr[i]);\r\n }\r\n  for(int i=0;i<n;i++)\r\n  {\r\n    result+=arr[i];\r\n  }\r\n  printf("%d",result);\r\n}	c	2025-10-22 14:31:19.424589+05:30	2	20\n4	\n	4	1	52
19	import java.util.*;\r\npublic class sai{\r\npublic static void main(String args[])\r\n{\r\nScanner x=new Scanner(System.in);\r\n//System.out.println("Enter the size the array");\r\nint n=x.nextInt();\r\nint[] a=new int[n];\r\nint Sum=0;\r\nfor(int i=0;i<n;i++)\r\n{\r\na[i]=x.nextInt();\r\n}\r\nfor(int i=0;i<n;i++)\r\n{\r\nSum=Sum+a[i];\r\n}\r\nSystem.out.println(Sum);\r\n}\r\n}	java	2025-10-22 14:29:52.075887+05:30	2	20\n4	\n	4	1	31
165	n = int(input())\r\nmarks = list(map(int,input().split()))\r\navg = sum(marks) / n\r\nprint(f"{avg:.2f}")	python	2025-10-22 15:21:19.060143+05:30	2	86.33\n100.00	\n	4	2	53
27	#include<stdio.h>\r\nint main()\r\n{\r\nprintf("sum of the elements");\r\nsum=0;\r\nfor(i=0;i<n;i++)\r\n\r\n}	c	2025-10-22 14:31:04.964152+05:30	0		solution.c: In function 'main':\nsolution.c:5:1: error: 'sum' undeclared (first use in this function)\n    5 | sum=0;\n      | ^~~\nsolution.c:5:1: note: each undeclared identifier is reported only once for each function it appears in\nsolution.c:6:5: error: 'i' undeclared (first use in this function)\n    6 | for(i=0;i<n;i++)\n      |     ^\nsolution.c:6:11: error: 'n' undeclared (first use in this function)\n    6 | for(i=0;i<n;i++)\n      |           ^\nsolution.c:8:1: error: expected expression before '}' token\n    8 | }\n      | ^\nchmod: cannot access 'a.out': No such file or directory\nsolution.c: In function 'main':\nsolution.c:5:1: error: 'sum' undeclared (first use in this function)\n    5 | sum=0;\n      | ^~~\nsolution.c:5:1: note: each undeclared identifier is reported only once for each function it appears in\nsolution.c:6:5: error: 'i' undeclared (first use in this function)\n    6 | for(i=0;i<n;i++)\n      |     ^\nsolution.c:6:11: error: 'n' undeclared (first use in this function)\n    6 | for(i=0;i<n;i++)\n      |           ^\nsolution.c:8:1: error: expected expression before '}' token\n    8 | }\n      | ^\nchmod: cannot access 'a.out': No such file or directory	4	1	24
31	def averageMarks(marks):\r\n    # Calculate the sum of all marks\r\n    total = sum(marks)\r\n    # Calculate the average\r\n    average = total / len(marks)\r\n    # Return the average rounded to 2 decimal places\r\n    return round(average, 2)\r\n\r\n# Example usage:\r\nif __name__ == "__main__":\r\n    n = int(input())\r\n    marks = list(map(int, input().split()))\r\n    result = averageMarks(marks)\r\n    print(f"{result:.2f}")	python	2025-10-22 14:31:46.024335+05:30	2	86.33\n100.00	\n	4	2	42
50	#include<stdio.h>\r\nint main()\r\n{\r\nint n;\r\n  scanf("%d",&n);\r\nint a[n];\r\nint sum=0;\r\nfor(int i=0;i<n;i++)\r\n{\r\nscanf("%d ",&a[i]);\r\n}\r\n  for(int i=0;i<n;i++)\r\n  {\r\n    sum+=a[i];\r\n  }\r\nprintf("%d",sum);\r\n}	c	2025-10-22 14:35:37.332527+05:30	2	20\n4	\n	4	1	34
36	def check_leap_year(year):\r\n    if (year % 400 == 0) or (year % 4 == 0 and year % 100 != 0):\r\n        print("Leap Year")\r\n    else:\r\n        print("Not a Leap Year")\r\n\r\n# Example usage:\r\nyear = int(input())\r\ncheck_leap_year(year)	python	2025-10-22 14:32:23.661323+05:30	2	Not a Leap Year\nLeap Year	\n	4	3	42
39	def is_palindrome(n):\r\n    # Convert the number to a string\r\n    str_n = str(n)\r\n    # Check if the string is equal to its reverse\r\n    if str_n == str_n[::-1]:\r\n        print("Palindrome")\r\n    else:\r\n        print("Not a Palindrome")\r\n\r\n# Example usage:\r\nn = int(input())\r\nis_palindrome(n)	python	2025-10-22 14:33:10.939833+05:30	2	Not a Palindrome\nPalindrome	\n	4	4	42
147	#include<stdio.h>\r\nint main()\r\n{\r\nint n;\r\nscanf("%d",&n);\r\nint arr[n];\r\nfloat avg=0;\r\nint s=0;\r\nfor(int i=0;i<n;i++)\r\n{\r\nscanf("%d",&arr[i]);\r\n}\r\nfor(int i=0;i<n;i++)\r\n{\r\ns+=arr[i];\r\n}\r\navg=(float)s/n;\r\nprintf("%.2f",avg);\r\n}	c	2025-10-22 15:10:43.756766+05:30	2	86.33\n100.00	\n	4	2	45
41	n=int(input())\r\nmarks=list(map(float,input().split()))\r\naverage=sum(marks)/n\r\nprint(f"{average:.2f}")	python	2025-10-22 14:33:20.368759+05:30	2	86.33\n100.00	\n	4	2	54
34	n=input()\r\ni=n[::-1]\r\nif i==n:\r\n  print("Palindrome")\r\nelse:\r\n  print("Not a Palindrome")	python	2025-10-22 14:32:04.568578+05:30	2	Not a Palindrome\nPalindrome	\n	4	4	11
138	year = int(input())\r\n\r\nif (year % 400 == 0) or (year % 4 == 0 and year % 100 != 0):\r\n    print("Leap Year")\r\nelse:\r\n    print("Not a Leap Year")	python	2025-10-22 15:03:08.235758+05:30	2	Not a Leap Year\nLeap Year	\n	4	3	21
37	#include<stdio.h>\r\nint main(){\r\nint i,n,arr[n],result;\r\nscanf("%d",&n);\r\nfor(i=0;i<n;i++){\r\nscanf("%d",&arr[i]);\r\n}\r\nfor(i=0;i<n;i++){\r\nresult=result+arr[i];\r\n}\r\nprintf("%d",result);\r\n}	c	2025-10-22 14:32:27.361669+05:30	2	20\n4	\n	4	1	36
42	n=input()\r\ni=n[::-1]\r\nif i==n:\r\n  print("Palindrome")\r\nelse:\r\n  print("Not a Palindrome")	python	2025-10-22 14:33:59.070145+05:30	2	Not a Palindrome\nPalindrome	\n	4	4	24
169	n=int(input())\r\nmarks=list(map(int,input().split()))\r\navg=sum(marks)/n\r\nprint(f"{avg:.2f}")	python	2025-10-22 15:25:11.187425+05:30	2	86.33\n100.00	\n	4	2	61
35	def sumArray(arr):\r\n  return sum(arr)\r\nn=int(input())\r\narr= list(map(int, input().split()))\r\nprint(sumArray(arr))	python	2025-10-22 14:32:21.900839+05:30	2	20\n4	\n	4	1	56
33	def sumArray(arr):\r\n  return sum(arr)\r\nn=int(input())\r\narr=list(map(int, input().split()))\r\nprint(sumArray(arr))	python	2025-10-22 14:32:04.543211+05:30	2	20\n4	\n	4	1	53
48	def sumArray(arr):\r\n    return sum(arr)\r\nif __name__=="__main__":\r\n    n=int(input())\r\n    arr=list(map(int,input().split()))\r\n    result=sumArray(arr)\r\n    print(result)	python	2025-10-22 14:35:28.908072+05:30	2	20\n4	\n	4	1	21
43	marks = list(map(float, input("Enter marks")))\r\naverage =sum(marks) / len(marks)\r\nprint("Average marks:", round(average, 2))	python	2025-10-22 14:34:17.491377+05:30	0	Enter marks\nEnter marks	Traceback (most recent call last):\n  File "/box/submission/solution", line 1, in <module>\n    marks = list(map(float, input("Enter marks")))\nValueError: could not convert string to float: ''\nTraceback (most recent call last):\n  File "/box/submission/solution", line 1, in <module>\n    marks = list(map(float, input("Enter marks")))\nValueError: could not convert string to float: ''	4	2	18
40	n=int(input())\r\narray=list(map(int,input().split()))\r\ntotal=sum(array)\r\nprint(total)	python	2025-10-22 14:33:18.225815+05:30	2	20\n4	\n	4	1	22
51	#include<stdio.h>\r\nint main()\r\n{\r\nint arr[100],i,n,s=0;\r\n//printf("enter the size of array");\r\nscanf("%d",&n);\r\nfor(i=0;i<n;i++)\r\nscanf("%d",&arr[i]);\r\nfor(i=0;i<n;i++)\r\ns+=arr[i];\r\nprintf("%d",s);\r\n\r\n}	c	2025-10-22 14:36:00.228823+05:30	2	20\n4	\n	4	1	40
66	def sumArray(arr):\r\n return sum(arr)\r\nn=int(input())\r\narr=list(map(int,input().split()))\r\nprint(sumArray(arr))	python	2025-10-22 14:41:02.490205+05:30	2	20\n4	\n	4	1	60
67	def sumArray(arr):\r\n return sum(arr)\r\nn=int(input())\r\narr=list(map(int,input().split()))\r\nprint(sumArray(arr))	python	2025-10-22 14:41:02.57729+05:30	2	20\n4	\n	4	1	58
155	#include <stdio.h>\r\nint main()\r\n{\r\nint x,a,y;\r\nscanf("%d",&x);\r\nint z=x;\r\n  a=0;\r\n while(x!=0)\r\n {\r\ny=x%10;\r\na=a*10+y;\r\nx=x/10;\r\n }\r\n  if(a==z)\r\n  {\r\n    printf("Palindrome");\r\n  }\r\n  else\r\n  {\r\n    printf("Not a Palindrome");\r\n  }\r\n\r\n\r\n}	c	2025-10-22 15:15:07.106711+05:30	2	Not a Palindrome\nPalindrome	\n	4	4	19
55	n=input()\r\nif n%400==0||n%4==0&&n%100!=0:\r\n  print("Leap Year")\r\nelse:\r\n  print("Not a Leap Year")	python	2025-10-22 14:37:49.993766+05:30	0		File "/box/submission/solution", line 2\n    if n%400==0||n%4==0&&n%100!=0:\n                ^\nSyntaxError: invalid syntax\nFile "/box/submission/solution", line 2\n    if n%400==0||n%4==0&&n%100!=0:\n                ^\nSyntaxError: invalid syntax	4	3	6
58	#include <stdio.h>\r\nint main()\r\n{\r\nint n,i;\r\n  scanf("%d",&n);\r\nfloat avg;\r\nint a[100];\r\nfor(i=0;i<n;i++)\r\n{\r\nscanf("%d",&a[i]);\r\n}\r\nfloat sum = 0;\r\nfor(i=0;i<n;i++)\r\n{\r\nsum=sum+a[i];\r\n}\r\navg=(sum)/n;\r\nprintf("%.2f",avg);\r\n}	c	2025-10-22 14:38:58.876412+05:30	2	86.33\n100.00	\n	4	2	19
53	#include<stdio.h>\r\ndef averageMarks(n,marks):\r\n  avg=sum(marks)/n\r\n  print(f"{avg:.2f}");\r\n  n=int(input())\r\n  marks=list(marks(int,input().split()))\r\n  avrageMarks(n,marks)	python	2025-10-22 14:36:58.565496+05:30	0		Expected 1 lines, got 0 lines\nExpected 1 lines, got 0 lines	4	2	43
183	#include<stdio.h>\r\nint main()\r\n{\r\nint n,reverse=0,remainder;\r\nscanf("%d",&n);\r\n  int original=n;\r\nwhile(n!=0)\r\n{\r\nremainder=n%10;\r\n  reverse=reverse*10+remainder;\r\n  n/=10;\r\n}\r\nif(original==reverse)\r\n{\r\nprintf("Palindrome");\r\n}\r\nelse\r\nprintf("Not a Palindrome");\r\n}	c	2025-10-22 15:42:34.123389+05:30	2	Not a Palindrome\nPalindrome	\n	4	4	45
52	#include <stdio.h>\r\nint main()\r\n{\r\nint n;\r\n int s=0;\r\n scanf("%d",&n);\r\n int arr[n];\r\n for (int i=0;i<n;i++)\r\n  {\r\n    scanf("%d",&arr[i]);\r\n }\r\n    for (int i =0 ; i<n;i++)\r\n    {\r\n      s= s+arr[i];\r\n    }\r\n  printf("%d",s);\r\n    return 0;\r\n  }	c	2025-10-22 14:36:26.477469+05:30	2	20\n4	\n	4	1	37
54	year=int(input())\r\nif (year % 400 == 0) or (year % 400==0 and year % 100 !=0):\r\n    print("Leap Year")\r\nelse:\r\n    print("Not a Leap Year")	python	2025-10-22 14:37:17.745011+05:30	1	Not a Leap Year\nNot a Leap Year	\nLine 1: Expected 'Leap Year', got 'Not a Leap Year'	4	3	54
57	def sumArray(arr):\r\n    return sum(arr)\r\nn=int(input())\r\narr=list(map(int,input().split()))\r\nprint(sumArray(arr))	python	2025-10-22 14:38:42.151828+05:30	2	20\n4	\n	4	1	61
166	#include<stdio.h>\r\n#include<stdlib.h>\r\nint main(){\r\nint n,reversed=0,remainder,original;\r\nscanf("%d",&n);\r\n  original=n;\r\nwhile (n!=0){\r\nremainder=n%10;\r\nreversed = reversed * 10 + remainder;\r\nn/=10;\r\n}\r\nif(original == reversed)\r\nprintf("Palindrome");\r\nelse\r\nprintf("Not a Palindrome");\r\nreturn 0;\r\n}	c	2025-10-22 15:21:26.437693+05:30	2	Not a Palindrome\nPalindrome	\n	4	4	26
45	#include<stdio.h>\r\nint main(){\r\nint n;\r\nscanf("%d",&n);\r\nint arr[n];\r\nfor(int i=0;i<n;i++){\r\nscanf("%d",&arr[i]);\r\n}\r\nint sum=0;\r\nfor(int i=0;i<n;i++){\r\nsum+=arr[i];\r\n}\r\nfloat avg=(float)sum/n;\r\nprintf("%.2f",avg);\r\nreturn 0;\r\n}	c	2025-10-22 14:34:30.924606+05:30	2	86.33\n100.00	\n	4	2	5
16	#include<stdio.h>\r\nint main(){\r\nint n;\r\nint sum=0;\r\nint a[n];\r\nscanf("%d",&n);\r\nfor(int i=0;i<n;i++){\r\n  scanf("%d",&a[i]);\r\n  sum+=a[i];\r\n  }\r\n  printf("%d",sum);\r\n  \r\n}	c	2025-10-22 14:28:54.516946+05:30	2	20\n4	\n	4	1	55
69	n = int(input())\r\nmarks = list(map(int, input().split()))\r\navg = sum(marks) /n\r\nprint(f"{avg:.2f}")	python	2025-10-22 14:41:03.816971+05:30	2	86.33\n100.00	\n	4	2	46
148	import java.util.*;\r\npublic class solution{\r\npublic static void main(String args[]){\r\nScanner sc=new Scanner(System.in);\r\nint n=sc.nextInt();\r\nint c=n;\r\nint a=0,b=0;\r\nwhile(n!=0){\r\na=n%10;\r\nb=b*10+a;\r\nn=n/10;\r\n}\r\nif(c==b)\r\nSystem.out.println("Palindrome");\r\nelse\r\nSystem.out.println("Not a Palindrome");\r\n}\r\n}	java	2025-10-22 15:11:22.704454+05:30	2	Not a Palindrome\nPalindrome	\n	4	4	5
7	#include <stdio.h>\r\nint main()\r\n{\r\nint n;\r\nint s=0;\r\n float avg;\r\nscanf("%d",&n);\r\n  \r\n    int arr[n];\r\n    for (int i=0;i<n;i++)\r\n    {\r\n      scanf("%d",&arr[i]);\r\n    }\r\n    for(int i=0;i<n;i++)\r\n    {\r\n      s= s+arr[i];\r\n    }\r\n    \r\n      avg = (float)s/n;\r\n      printf("%.2f",avg);\r\n        return 0;\r\n    }	c	2025-10-22 14:26:15.18477+05:30	2	86.33\n100.00	\n	4	2	37
170	n=int(input())\r\nmarks=list(map(int,input().split()))\r\navg=sum(marks) /n\r\nprint(f"{avg:.2f}")	python	2025-10-22 15:25:21.406034+05:30	2	86.33\n100.00	\n	4	2	57
156	sai=input()\r\nif sai==sai[::-1]:\r\n\tprint("Palindrome")\r\nelse:\r\n\tprint("Not a Palindrome")	python	2025-10-22 15:15:20.894048+05:30	2	Not a Palindrome\nPalindrome	\n	4	4	31
59	#include<stdio.h>\r\nint main()\r\n{\r\nint n,i,a[n];\r\nfloat sum;\r\nscanf("%d",&n);\r\n for(i=0;i<n;i++)\r\n {\r\n   scanf("%d",&a[i]);\r\n }\r\nfor(i=0;i<a[i];i++){\r\nsum+=a[i];\r\n}\r\nprintf("%.2f",sum/n);\r\n  return 0;\r\n}	c	2025-10-22 14:39:04.773744+05:30	2	86.33\n100.00	\n	4	2	15
65	#include.stdio.h>\r\nint main(){\r\nscanf("%d",&n);\r\nint arr[n];\r\nlong long sum=0;\r\nfor(int i=0;i<n;i++){\r\nscanf("%d",&arr[i]);\r\nsum + =arr[i];\r\n}\r\nprintf("%||d\\n",sum);\r\nreturn 0;\r\n}	c	2025-10-22 14:40:58.74063+05:30	0		solution.c:1:9: error: #include expects "FILENAME" or <FILENAME>\n    1 | #include.stdio.h>\n      |         ^\nsolution.c: In function 'main':\nsolution.c:3:1: warning: implicit declaration of function 'scanf' [-Wimplicit-function-declaration]\n    3 | scanf("%d",&n);\n      | ^~~~~\nsolution.c:3:1: warning: incompatible implicit declaration of built-in function 'scanf'\nsolution.c:1:1: note: include '<stdio.h>' or provide a declaration of 'scanf'\n  +++ |+#include <stdio.h>\n    1 | #include.stdio.h>\nsolution.c:3:13: error: 'n' undeclared (first use in this function)\n    3 | scanf("%d",&n);\n      |             ^\nsolution.c:3:13: note: each undeclared identifier is reported only once for each function it appears in\nSandbox keeper received fatal signal 6\nsolution.c:1:9: error: #include expects "FILENAME" or <FILENAME>\n    1 | #include.stdio.h>\n      |         ^\nsolution.c: In function 'main':\nsolution.c:3:1: warning: implicit declaration of function 'scanf' [-Wimplicit-function-declaration]\n    3 | scanf("%d",&n);\n      | ^~~~~\nsolution.c:3:1: warning: incompatible implicit declaration of built-in function 'scanf'\nsolution.c:1:1: note: include '<stdio.h>' or provide a declaration of 'scanf'\n  +++ |+#include <stdio.h>\n    1 | #include.stdio.h>\nsolution.c:3:13: error: 'n' undeclared (first use in this function)\n    3 | scanf("%d",&n);\n      |             ^\nsolution.c:3:13: note: each undeclared identifier is reported only once for each function it appears in\nsolution.c:8:7: error: expected expression before '=' token\n    8 | sum + =arr[i];\n      |       ^\nSandbox keeper received fatal signal 6	4	1	20
60	#include<stdio.h>\r\nint main()\r\n  {\r\n   int n;\r\n   scanf("%d",&n);\r\n   int a[n];\r\n    float Sum=0;\r\n    for(int i=0;i<n;i++)\r\n    {\r\n      scanf("%d",&a[i]);\r\n    }\r\n    for(int i=0;i<n;i++)\r\n    {\r\n      Sum=Sum+a[i];\r\n    }\r\n   double avg=Sum/n;\r\n   printf("%.2f",avg);\r\n  }	c	2025-10-22 14:39:51.979178+05:30	2	86.33\n100.00	\n	4	2	31
62	#include<stdio.h>\r\nint main(){\r\nint m[10];\r\nint n;\r\nfloat r=0;\r\nscanf("%d",&n);\r\nfor(int i=0;i<n;i++){\r\nscanf("%d",&m[i]);\r\n}\r\nfor(int i=0;i<n;i++){\r\nr+=m[i];\r\n}\r\nprintf("%.2f",r/n);\r\n\r\n}	c	2025-10-22 14:39:58.82424+05:30	2	86.33\n100.00	\n	4	2	36
149	#include<stdio.h>\r\nint main()\r\n{\r\n  int year;\r\n  scanf("%d",&year);\r\n  if((year%4 == 0) && (year%100 != 0) || (year%400 ==0))\r\n  {\r\n    printf("Leap Year");\r\n  }\r\n  else\r\n  {\r\n    printf("Not a Leap Year");\r\n   }\r\n  return 0;\r\n}	c	2025-10-22 15:11:29.484223+05:30	2	Not a Leap Year\nLeap Year	\n	4	3	52
171	n=input().strip()\r\nif n==n[::-1]:\r\n  print("Palindrome")\r\nelse:\r\n  print("Not a palindrome")	python	2025-10-22 15:27:28.216112+05:30	1	Not a palindrome\nPalindrome	Line 1: Expected 'Not a Palindrome', got 'Not a palindrome'\n	4	4	53
56	def sumArray(arr):\r\n    return sum(arr)\r\nif __name__=="__main__":\r\n  n=int(input())\r\n  arr=list(map(int,input().split()))\r\n  result=sumArray(arr)\r\n  print(result)	python	2025-10-22 14:38:09.017572+05:30	2	20\n4	\n	4	1	47
184	n=input().strip()\r\nif n ==n[::-1]:\r\n  print("Palindrome")\r\nelse:\r\n  print("Not a Palindrome")	python	2025-10-22 15:47:16.15647+05:30	2	Not a Palindrome\nPalindrome	\n	4	4	63
76	#include<stdio.h>\r\nint main()\r\n{\r\n  int n;\r\n  scanf("%d",&n);\r\n  int a[n];\r\n  int sum=0;\r\n  for(int i=0;i<n;i++){\r\n    scanf("%d",&a[i]);\r\n  }\r\n  for(int i=0;i<n;i++){\r\n    sum+=a[i];\r\n  }\r\n  printf("%.2f",(float)sum/(float)n);\r\n  return 0;\r\n}	c	2025-10-22 14:42:36.63993+05:30	2	86.33\n100.00	\n	4	2	39
74	#include<stdio.h>\r\nyear=int(input())\r\nif(year%400==0)\r\nprintf("leap year")\r\nelse("not a leap year")	python	2025-10-22 14:42:30.219351+05:30	0		File "/box/submission/solution", line 3\n    if(year%400==0)\n                   ^\nSyntaxError: expected ':'\nFile "/box/submission/solution", line 3\n    if(year%400==0)\n                   ^\nSyntaxError: expected ':'	4	3	43
172	year=int(input())\r\nif(year %400 ==0) or(year %4 ==0  and year %100 !=0):\r\n  print("Leap Year")\r\nelse:\r\n  print("Not a Leap Year")	python	2025-10-22 15:28:43.739162+05:30	2	Not a Leap Year\nLeap Year	\n	4	3	61
75	#include<stdio.h>\r\nint main()\r\n{\r\n\tint n;\r\n    scanf("%d",&n);\r\n    int svd[n];\r\n    for(int i=0;i<n;i++)\r\n    {\r\n    \tscanf("%d",&svd[i]);\r\n    }\r\n    float s=0;\r\n    for(int i=0;i<n;i++)\r\n    {\r\n    \ts+=svd[i];\r\n    }\r\n  \r\n    printf("%.2f",s/n);\r\n}	c	2025-10-22 14:42:34.364377+05:30	2	86.33\n100.00	\n	4	2	35
124	import java.util.*;\r\npublic class Main{\r\n\tpublic static void main(String args[]){\r\n    \tScanner sc=new Scanner(System.in);\r\n        int n=sc.nextInt();\r\n        int digit=n;\r\n        int rem=0;\r\n        int rev=0;\r\n        \r\n        while(n!=0){\r\n        \trem=n%10;\r\n            rev=rem+rev*10;\r\n            n=n/10;\r\n        }\r\n       if(digit==rev){\r\n         System.out.println("Palindrome");\r\n       }\r\n      else{\r\n        System.out.println("Not a Palindrome");\r\n      }\r\n    \r\n    }\r\n}	java	2025-10-22 15:00:08.850862+05:30	2	Not a Palindrome\nPalindrome	\n	4	4	27
61	#include<stdio.h>\r\n#include<stdlib.h>\r\nint main(){\r\nint sum=0,n,a[n];\r\nscanf("%d",&n);\r\nfor (int i=0;i<n;i++){\r\nscanf("%d",&a[i]);\r\nsum=sum+a[i];\r\n}\r\nprintf("%d",sum);\r\n}	c	2025-10-22 14:39:53.473231+05:30	2	20\n4	\n	4	1	26
185	n = int(input())\r\ns = str(n)\r\nif s == s[::-1]:\r\n  print("Palindrome")\r\nelse:\r\n  print("Not a Palindrome")	python	2025-10-22 15:47:16.17647+05:30	2	Not a Palindrome\nPalindrome	\n	4	4	9
70	#include<stdio.h>\r\nint main(){\r\nint i,n,a[n];\r\nfloat total;\r\nscanf("%d",&n);\r\nfor(i=0;i<n;i++){\r\nscanf("%d ",&a[i]);\r\n}\r\nfor(i=0;i<n;i++){\r\ntotal=total+a[i];\r\n}\r\nprintf("%.2f",total/n);\r\n}	c	2025-10-22 14:41:07.067393+05:30	2	86.33\n100.00	\n	4	2	41
150	n=input().strip()\r\nif n==n[::-1]:\r\n      print("Palindrome")\r\nelse:\r\n      print("Not a Palindrome")	python	2025-10-22 15:12:02.742591+05:30	2	Not a Palindrome\nPalindrome	\n	4	4	30
72	n = int(input())\r\nmarks= list(map(int, input().split()))\r\navg = sum(marks)/n\r\nprint(f"{avg:.2f}")	python	2025-10-22 14:41:40.97288+05:30	2	86.33\n100.00	\n	4	2	50
157	#include<stdio.h>\r\nint main()\r\n{\r\nint n,x,y;\r\n  int a=0;\r\n  scanf("%d",&n);\r\n  y=n;\r\nwhile(n!=0){\r\nx=n%10;\r\na=a*10+x;\r\nn=n/10;\r\n}\r\nif(y==a)\r\n  printf("Palindrome");\r\nelse\r\n  printf("Not a Palindrome");\r\n}	c	2025-10-22 15:15:47.668933+05:30	2	Not a Palindrome\nPalindrome	\n	4	4	15
177	#include<stdio.h>\r\nint main()\r\n{\r\n  int n;\r\n  scanf("%d",&n);\r\n  int rev=0;\r\n  int ori;\r\n  int remai;\r\n  ori=n;\r\n  while(n!=0)\r\n  {\r\n   remai=n%10;\r\n   rev=rev*10+remai;\r\n   n=n/10;\r\n  }\r\n  if(ori==rev)\r\n  {\r\n  printf("Palindrome");\r\n  }\r\n  else\r\n  {\r\n  printf("Not a Palindrome");\r\n  }\r\n  \r\n}	c	2025-10-22 15:36:28.635481+05:30	2	Not a Palindrome\nPalindrome	\n	4	4	33
158	#include<stdio.h>\r\nint main(){\r\n  int n,a=0,b;\r\n  scanf("%d",&n);\r\n  int z=n;\r\n  while(n!=0){\r\n    b=n%10;\r\n    a=a*10+b;\r\n    n=n/10;\r\n  }\r\n  //printf("%d",a);\r\n  if (a==z){\r\n    printf("Palindrome");\r\n  }\r\n  else{\r\n    printf("Not a Palindrome");\r\n  }\r\n  return 0;\r\n}	c	2025-10-22 15:15:51.262236+05:30	2	Not a Palindrome\nPalindrome	\n	4	4	39
78	#include<stdio.h>\r\nint main ()\r\n{\r\n  int n;\r\n  float s=0;\r\n  float a;\r\n  scanf("%d",&n);\r\n  int arr[n];\r\n  for(int i=0;i<n;i++)\r\n    scanf("%d",&arr[i]);\r\n  for(int i=0;i<n;i++)\r\n    s+=arr[i];\r\n  a=s/n;\r\n  printf("%.2f",a);\r\n}	c	2025-10-22 14:43:52.040934+05:30	2	86.33\n100.00	\n	4	2	23
49	year=int(input())\r\nif(year %400 ==0) or (year % 4 ==0 and year % 100 !=0):\r\n  print("Leap Year")\r\nelse:\r\n  print("Not a Leap Year")	python	2025-10-22 14:35:34.812951+05:30	2	Not a Leap Year\nLeap Year	\n	4	3	62
64	#include<stdio.h>\r\nint main(){\r\n\t\r\n        int n;\r\n        scanf("%d",&n);\r\n        int arr[n];\r\n        for(int i=0;i<n;i++){\r\n        \tscanf("%d",&arr[i]);\r\n        }\r\n        float sum;\r\n        float avg;\r\n        for(int i=0;i<n;i++){\r\n        \tsum+=arr[i];\r\n        }\r\n        avg=(float)sum/n;\r\n     // avg = Math.round(avg*100);\r\n        printf("%.2f",avg);\r\n        \r\n    }	c	2025-10-22 14:40:39.437775+05:30	2	86.33\n100.00	\n	4	2	27
77	#include<stdio.h>\r\n#include<stdlib.h>\r\nint main()\r\n{\r\nint n,i,a[i];\r\nfloat avg,result=0;\r\n\r\nscanf("%d",&n);\r\nfor(i=0;i<=n;i++)\r\n{\r\nscanf("%d",&a[i]);\r\n}\r\nfor(i=0;i<=n;i++)\r\n{\r\nresult=result+a[i];\r\n}\r\navg=result/n;\r\nprintf("%.2f",avg);\r\nreturn 0;\r\n}	c	2025-10-22 14:43:22.248605+05:30	2	86.33\n100.00	\n	4	2	8
80	#include<stdio.h>\r\nint main(){\r\nint n,i;\r\nscanf("%d",&n);\r\nif((n%4==0)&&(n%100!=0))\r\nprintf("Leap Year");\r\n  \r\nelse\r\nprintf("Not a Leap Year");\r\n\r\n}	c	2025-10-22 14:44:23.428231+05:30	2	Not a Leap Year\nLeap Year	\n	4	3	36
79	year=int(input())\r\nif (year%400==0)or(year%100!=0 and year%4==0):\r\n  print("Leap Year")\r\nelse:\r\n  print("Not a Leap Year")	python	2025-10-22 14:44:03.418548+05:30	2	Not a Leap Year\nLeap Year	\n	4	3	22
173	year=int(input())\r\nif(year %400 ==0) or (year %4 ==0 and year%100 !=0):\r\n  print("Leap Year")\r\nelse:\r\n  print("Not a Leap Year")	python	2025-10-22 15:30:18.168714+05:30	2	Not a Leap Year\nLeap Year	\n	4	3	63
73	#include<stdio.h>\r\n#include<stdlib.h>\r\nint main(){\r\nint sum=0,n,a[n];\r\nscanf("%d",&n);\r\nfor(int i=0;i<n;i++){\r\nscanf("%d",&a[i]);\r\nsum=sum+a[i];\r\n}\r\nprintf("%d",sum);       \r\n}	c	2025-10-22 14:42:23.44904+05:30	2	20\n4	\n	4	1	28
151	#include<stdio.h>\r\nint main()\r\n{\r\n  int n,m=0,b;\r\n  scanf("%d",&n);\r\n  int z=n;\r\n  while(n!=0)\r\n  {\r\n    b=n%10;\r\n    m=m*10+b;\r\n    n=n/10;\r\n  }\r\n  if(m==z)\r\n  {\r\n   printf("Palindrome");\r\n  }\r\n  else\r\n  {\r\n   printf("Not a Palindrome");\r\n  }\r\n  return 0;\r\n}	c	2025-10-22 15:12:11.22096+05:30	2	Not a Palindrome\nPalindrome	\n	4	4	49
186	n=input().strip()\r\nif n==n[::-1]:\r\n  print("Palindrome")\r\nelse:\r\n  print("Not a Palindrome")	python	2025-10-22 15:47:16.182468+05:30	2	Not a Palindrome\nPalindrome	\n	4	4	62
81	import java.util.*;\r\npublic class solution{\r\npublic static void main(String args[]){\r\nScanner sc=new Scanner(System.in);\r\nint year=sc.nextInt();\r\nif((year%400==0)||((year%4==0)&&(year%100!=0)))\r\nSystem.out.println("Leap Year");\r\nelse\r\nSystem.out.println("Not a Leap Year");\r\n}\r\n}	java	2025-10-22 14:45:06.494313+05:30	2	Not a Leap Year\nLeap Year	\n	4	3	5
90	def AverageMarks(marks):\r\n  return sum(marks)/len(marks)\r\n\r\nif __name__=="__main__":\r\n    n = int(input())\r\n    marks = list(map(int,input().split()))\r\n    avg = AverageMarks(marks)\r\n    print(f"{avg:.2f}")	python	2025-10-22 14:47:56.211185+05:30	2	86.33\n100.00	\n	4	2	21
63	#include<stdio.h>\r\nint main()\r\n{\r\nint n,result=0;\r\nscanf("%d",&n);\r\n  int arr[n];\r\nfor(int i=0;i<n;i++)\r\n{\r\nscanf("%d",&arr[i]);\r\n}\r\nfor(int i=0;i<n;i++)\r\n{\r\nresult+=arr[i];\r\n}\r\n printf("%d",result);\r\n}	c	2025-10-22 14:40:37.953826+05:30	2	20\n4	\n	4	1	51
159	import java.util.Scanner;\r\npublic class year{\r\npublic static void main(String[] args)\r\n{\r\nScanner sc=new Scanner(System.in);\r\nSystem.out.print("");\r\nint n=sc.nextInt();\r\nif(n==1900){\r\nSystem.out.print("Not a Leap Year");\r\n}\r\nif(n==2024){\r\nSystem.out.print("Leap Year");\r\n}\r\n}\r\n}	java	2025-10-22 15:15:59.979922+05:30	2	Not a Leap Year\nLeap Year	\n	4	3	29
85	def AverageMarks(marks):\r\n   return sum(marks)/len(marks)\r\n  \r\nif __name__=="__main__":\r\n    n = int(input())\r\n    marks = list(map(int, input().split()))\r\n    avg = AverageMarks(marks)\r\n    print(f"{avg:.2f}")	python	2025-10-22 14:46:44.787439+05:30	2	86.33\n100.00	\n	4	2	9
86	#include<stdio.h>\r\nint main()\r\n{\r\nint n;\r\n  scanf("%d",&n);\r\nint a[n];\r\nfloat tot;\r\nfor(int i=0;i<n;i++){\r\nscanf("%d ",&a[i]);\r\n}\r\n  for(int i=0;i<n;i++){\r\n    tot+=a[i];\r\n  }\r\nprintf("%.2f",tot/n);\r\n}	c	2025-10-22 14:46:56.096909+05:30	2	86.33\n100.00	\n	4	2	34
83	#include<stdio.h>\r\nint main(){\r\nint n;\r\nscanf("%d",&n);\r\nint arr[n];\r\n  float re=0;\r\nfor(int i=0;i<n;i++){\r\n  scanf("%d",&arr[i]);\r\n  re+=arr[i];\r\n}\r\nprintf("%.2f",(re/n));\r\n}	c	2025-10-22 14:46:03.230981+05:30	2	86.33\n100.00	\n	4	2	30
152	#include<stdio.h>\r\n#include<stdlib.h>\r\nint main(){\r\nint i,n,sum=0;\r\nfloat avg=0;\r\nscanf("%d",&n);\r\nint a[n];\r\nfor(int i=0;i<n;i++){\r\nscanf("%d",&a[i]);\r\nsum=sum+a[i];\r\n}\r\navg=(float)sum/n;\r\nprintf("%.2f",avg);\r\n}	c	2025-10-22 15:12:14.601382+05:30	2	86.33\n100.00	\n	4	2	26
88	n=int(input())\r\nmarks=list(map(int,input().split()))\r\navg=sum(marks)/n\r\nprint(f"{avg:.2f}")	python	2025-10-22 14:47:13.655433+05:30	2	86.33\n100.00	\n	4	2	22
82	#include<stdio.h>\r\nint main()\r\n{\r\n  int n,i,sum=0;\r\n  \r\n  scanf("%d",&n);\r\n  int a[n];\r\n  for(i=0;i<n;i++)\r\n  {\r\n    scanf("%d",&a[i]);\r\n  }\r\n   for(i=0;i<n;i++)\r\n   {\r\n      sum+=a[i];\r\n   }\r\n\r\nprintf("%.2f",(float)sum/(float)n);\r\nreturn 0;\r\n  \r\n}	c	2025-10-22 14:45:45.897128+05:30	2	86.33\n100.00	\n	4	2	49
87	#include<stdio.h>\r\nint main()\r\n{\r\nint arr[100],i,n;\r\nfloat a,s=0;\r\nscanf("%d",&n);\r\nfor(i=0;i<n;i++)\r\nscanf("%d",&arr[i]);\r\nfor(i=0;i<n;i++)\r\ns+=arr[i];\r\na=s/n;\r\nprintf("%.2f",a);\r\n}	c	2025-10-22 14:47:08.101484+05:30	2	86.33\n100.00	\n	4	2	40
178	#include<stdio.h>\r\nint main()\r\n{\r\nint n;\r\nscanf("%d",&n);\r\nint rev=0,org=n,remainder;\r\nwhile(n!=0)\r\n{\r\nremainder=n%10;\r\nrev=rev*10+remainder;\r\nn=n/10;\r\n}if(org==rev)\r\n{\r\nprintf("Palindrome");\r\n}\r\nelse\r\n{\r\nprintf("Not a Palindrome");\r\n}\r\n}	c	2025-10-22 15:37:09.349594+05:30	2	Not a Palindrome\nPalindrome	\n	4	4	51
167	#include<stdio.h>\r\n#include<stdlib.h>\r\nint main(){\r\nint num,n,reverse=0,remainder=0;\r\nscanf("%d",&num);\r\n n=num;\r\nwhile(n!=0){\r\nremainder=n%10;\r\nreverse=reverse*10 + remainder;\r\nn/=10;\r\n}\r\nif(num==reverse)\r\n   printf("Palindrome");\r\nelse\r\n   printf("Not a Palindrome");\r\n}	c	2025-10-22 15:22:09.084061+05:30	2	Not a Palindrome\nPalindrome	\n	4	4	32
174	n=input().strip()\r\nif n==n[::-1]:\r\n  print("Palindrome")\r\nelse:\r\n  print("Not a Palindrome")	python	2025-10-22 15:32:01.6048+05:30	2	Not a Palindrome\nPalindrome	\n	4	4	57
181	n = int(input())\r\ns=str(n)\r\nif s == s[::-1]:\r\n  print("Palindrome")\r\nelse:\r\n  print("Not a Palindrome")	python	2025-10-22 15:41:07.435048+05:30	2	Not a Palindrome\nPalindrome	\n	4	4	47
71	#include<stdio.h>\r\nint main(){\r\n  int n;\r\n  scanf("%d",&n);\r\n  int a[n];\r\n  int sum=0;\r\n  for(int i=0; i<n; i++){\r\n    scanf("%d",&a[i]);\r\n  }\r\n  for(int i=0;i<n;i++){\r\n    sum+=a[i];\r\n  }\r\n  printf("%.2f",(float)sum/(float)n);\r\n  return 0;\r\n}	c	2025-10-22 14:41:30.826488+05:30	2	86.33\n100.00	\n	4	2	55
101	import java.util.Scanner; \r\npublic class year{\r\npublic static void main(String[] args)\r\n{\r\nScanner sc=new Scanner(System.in);\r\nSystem.out.print("");\r\nint n=sc.nextInt();\r\nif(n==1900){\r\nSystem.out.print("Not a Leap Year");\r\n}\r\nif(n==2024){\r\nSystem.out.print("Leap Year");\r\n}\r\n}\r\n}	java	2025-10-22 14:50:32.027124+05:30	2	Not a Leap Year\nLeap Year	\n	4	3	28
99	import java.util.Scanner;\r\npublic class year{\r\npublic static void main(String[] args)\r\n{\r\nScanner sc = new Scanner(System.in);\r\nint n = sc.nextInt();\r\nif(n%400==0){\r\n  if(n%4 == 0 && n%100!=0)\r\nSystem.out.println("Leap Year");\r\n}\r\nelse\r\nSystem.out.println("Not a Leap Year");\r\n}\r\n}	java	2025-10-22 14:50:15.323641+05:30	1	Not a Leap Year\nNot a Leap Year	\nLine 1: Expected 'Leap Year', got 'Not a Leap Year'	4	3	7
98	import java.util.*;\r\npublic class Main{\r\n\tpublic static void main(String args[]){\r\n    \tScanner sc=new Scanner(System.in);\r\n        int year=sc.nextInt();\r\n        \r\n        if(((year%4 ==0) && (year%100!=0)) || year%400==0){\r\n        \tSystem.out.println("Leap Year");\r\n        }\r\n        else{\r\n        System.out.println("Not a Leap Year");\r\n        }\r\n    }\r\n}	java	2025-10-22 14:50:14.967963+05:30	2	Not a Leap Year\nLeap Year	\n	4	3	27
93	#include<stdio.h>\r\nint main(){\r\nint n,s=0,d=0,r=0;\r\nscanf("%d",&n);\r\ns=n;\r\nwhile(n!=0){\r\n  r=n%10;\r\n d=d*10+r;\r\n  n=n/10;\r\n}\r\nif(d==s)\r\n  printf("Palindrome");\r\n\r\nelse\r\nprintf("Not a Palindrome");\r\n\r\n}	c	2025-10-22 14:48:49.05927+05:30	2	Not a Palindrome\nPalindrome	\n	4	4	36
89	#include<stdio.h>\r\nint main()\r\n{\r\nint n;\r\n  scanf("%d",&n);\r\n  int i,arr[n],result;\r\nfor(int i=0;i<n;i++)\r\n{\r\nscanf("%d",&arr[i]);\r\n}\r\nfor(int i=0;i<n;i++)\r\n{\r\nresult+=arr[i];\r\n}\r\nprintf("%d",result);\r\n}	c	2025-10-22 14:47:45.233168+05:30	2	20\n4	\n	4	1	45
95	#include<stdio.h>\r\n#include<stdlib.h>\r\nint main(){\r\nint i,n,sum=0;\r\nfloat avg=0;\r\nscanf("%d",&n);\r\n int a[n];\r\nfor(int i=0;i<n;i++){\r\nscanf("%d",&a[i]);\r\nsum=sum+a[i];\r\n}\r\navg=(float)sum/n;\r\n//avg=(float)avg;\r\nprintf("%.2f",avg);\r\n}	c	2025-10-22 14:48:57.799674+05:30	2	86.33\n100.00	\n	4	2	32
94	def AverageMarks(marks):\r\n  return sum(marks)/len(marks)\r\nif __name__=="__main__":\r\n     n=int(input())\r\n     marks=list(map(int,input().split()))\r\n     avg=AverageMarks(marks)\r\n     print(f"{avg:.2f}")	python	2025-10-22 14:48:50.271364+05:30	2	86.33\n100.00	\n	4	2	47
84	#include<stdio.h>\r\nint main()\r\n{\r\n  int n;\r\n  scanf("%d",&n);\r\n  int i,arr[n],result;\r\nfor(int i=0;i<n;i++)\r\n{\r\nscanf("%d",&arr[i]);\r\n}\r\nfor(int i=0;i<n;i++)\r\n{\r\nresult+=arr[i];\r\n}\r\nprintf("%d",result);\r\n}	c	2025-10-22 14:46:30.880803+05:30	2	20\n4	\n	4	1	38
160	#include<stdio.h>\r\nint main()\r\n{\r\nint n;\r\nscanf("%d",&n);\r\nif(n%400==0&&n%4==0||n%100!=0)\r\n{\r\nprintf("Leap Year");\r\n}\r\nelse\r\n{\r\nprintf("Not a Leap Year");\r\n}\r\n}	c	2025-10-22 15:17:01.158762+05:30	2	Not a Leap Year\nLeap Year	\n	4	3	33
179	n=int(input())\r\nmarks=list(map(int,input().split()))\r\navg=sum(marks)/n\r\nprint(f"{avg: .2f}")	python	2025-10-22 15:39:43.427131+05:30	2	86.33\n100.00	\n	4	2	63
175	n=int(input())\r\nmarks=list(map(int, input().split()))\r\navg=sum(marks)/n\r\nprint(f"{avg:.2f}")	python	2025-10-22 15:34:36.948071+05:30	2	86.33\n100.00	\n	4	2	62
109	#include<stdio.h>\r\nint main()\r\n{\r\n  int n;\r\n  scanf("%d",&n);\r\n  int i;\r\n  int a[n];\r\n  float sum=0;\r\n  for(i=0;i<n;i++)\r\n  {\r\n    scanf("%d",&a[i]);\r\n  }\r\n  for(i=0;i<n;i++){\r\n    sum=sum+a[i];\r\n  }\r\n  printf("%.2f",sum/n);\r\nreturn 0;\r\n}	c	2025-10-22 14:53:02.453707+05:30	2	86.33\n100.00	\n	4	2	48
96	#include<stdio.h>\r\nint main()\r\n{\r\nint n,a[100],sum=0;\r\nscanf("%d",&n);\r\nfor(int i=0;i<n;i++)\r\n{\r\nscanf("%d",&a[i]);\r\n}\r\n for(int i=0;i<n;i++)\r\n { \r\n    sum=sum+a[i];\r\n }\r\nprintf("%d",sum);\r\nreturn(0);\r\n}	c	2025-10-22 14:50:02.164709+05:30	2	20\n4	\n	4	1	15
180	n=int(input())\r\ns=str(n)\r\nif s == s[::-1]:\r\n    print("Palindrome")\r\nelse:\r\n    print("Not a Palindrome")	python	2025-10-22 15:40:52.165674+05:30	2	Not a Palindrome\nPalindrome	\n	4	4	21
97	#include<stdio.h>\r\nint main(){\r\nint n;\r\nscanf("%d",&n);\r\nif((n%100!=0)&&(n%4==0)){\r\nprintf("Leap Year");\r\n}\r\nelse{\r\nprintf("Not a Leap Year");\r\n}\r\n}	c	2025-10-22 14:50:04.907208+05:30	2	Not a Leap Year\nLeap Year	\n	4	3	41
161	#include<stdio.h>\r\nint main()\r\n{\r\n  int year;\r\n  scanf("%d",&year);\r\n  if((year%4==0)&&(year%100!=0)||(year%400==0))\r\n  {\r\n  printf("Leap Year");\r\n  }\r\n  else\r\n  {\r\n  printf("Not a Leap Year");\r\n  }\r\n  return 0;\r\n}	c	2025-10-22 15:17:56.979598+05:30	2	Not a Leap Year\nLeap Year	\n	4	3	51
103	def averageMarks(marks):\r\n    return sum(marks) / len(marks)\r\n\r\nif __name__ == "__main__":\r\n    n = int(input())\r\n    marks = list(map(int, input().split()))\r\n    avg = averageMarks(marks)\r\n    print(f"{avg:.2f}")	python	2025-10-22 14:51:32.047366+05:30	2	86.33\n100.00	\n	4	2	17
102	n = int(input())\r\ndiv400 = n /  400\r\nrem = n % 400 == 0 \r\ndiv4 = n / 4 \r\nrem1 = n % 4 == 0 \r\ndiv100 =n / 100 \r\nrem2 = n % 100 != 0 \r\nresult = rem or (rem2 and rem1)\r\nif result:\r\n  print("Leap Year")\r\nelse:\r\n  print("Not a Leap Year")	python	2025-10-22 14:51:22.518942+05:30	2	Not a Leap Year\nLeap Year	\n	4	3	37
44	#include<stdio.h>\r\nint main()\r\n{\r\n  int i,n,a[n],sum;\r\n  scanf("%d",&n);\r\n  for(i=0;i<n;i++)\r\n  {\r\n  scanf("%d",&a[i]) ;\r\n  }\r\n  for(i=0;i<n;i++)\r\n  {\r\n    sum=sum+a[i];\r\n  }\r\n  printf("%d",sum);\r\n  return 0;\r\n}	c	2025-10-22 14:34:18.899191+05:30	2	20\n4	\n	4	1	48
108	n = input().strip()\r\nif n == n[::-1]:\r\n  print("Palindrome")\r\nelse:\r\n  print("Not a Palindrome")	python	2025-10-22 14:52:41.718456+05:30	2	Not a Palindrome\nPalindrome	\n	4	4	50
168	#include<stdio.h>\r\nint main()\r\n{\r\nint year;\r\nscanf("%d",&year);\r\nif((year % 400==0)||(year % 4 ==0 && year % 100!=0))\r\n{\r\nprintf("Leap Year\\n",year);\r\n}\r\nelse\r\n{\r\nprintf(" Not a Leap Year\\n",year);\r\n}\r\n}	c	2025-10-22 15:22:53.142024+05:30	2	Not a Leap Year\nLeap Year	\n	4	3	45
105	n = input()\r\nif n == n[::-1]:\r\n  print("Palindrome")\r\nelse:\r\n  print("Not a Palindrome")	python	2025-10-22 14:51:42.290925+05:30	2	Not a Palindrome\nPalindrome	\n	4	4	44
104	#include <stdio.h>\r\nint main()\r\n{\r\nint n;\r\nscanf("%d",&n);\r\nif((n%4==0)&&(n%100!=0))\r\n{\r\nprintf("Leap Year",n);\r\n\r\n}\r\nelse \r\n{\r\nprintf("Not a Leap Year",n);\r\n}\r\n  return(0);\r\n}	c	2025-10-22 14:51:34.878564+05:30	2	Not a Leap Year\nLeap Year	\n	4	3	19
107	#include<stdio.h>\r\nint main()\r\n{\r\nint n;\r\n  int sum=0;\r\nfloat average=0;\r\nscanf("%d",&n);\r\n  int arr[n];\r\nfor(int i=0;i<n;i++)\r\n{\r\n scanf("%d",&arr[i]);\r\n}\r\nfor(int i=0;i<n;i++)\r\n{\r\n sum+=arr[i];\r\n}\r\naverage=(float)sum/n;\r\nprintf("%.2f",average);\r\n}	c	2025-10-22 14:52:24.260574+05:30	2	86.33\n100.00	\n	4	2	52
176	#include<stdio.h>\r\nint main()\r\n{\r\n  int n,reverse=0,remainder,original;\r\n  \r\n  scanf("%d",&n);\r\n  original=n;\r\n  while(n!=0)\r\n  {\r\n  remainder=n % 10;\r\n  reverse= reverse * 10 + remainder;\r\n  n/=10;\r\n  }\r\n  if(original == reverse)\r\n  {\r\n   printf("Palindrome");\r\n  }\r\n  else\r\n  {\r\n  printf("Not a Palindrome");\r\n  }\r\n  return 0;\r\n}	c	2025-10-22 15:34:44.618133+05:30	2	Not a Palindrome\nPalindrome	\n	4	4	52
106	#include<stdio.h>\r\nint main()\r\n{\r\n  int n;\r\n  float avg=0;\r\n  int s=0;\r\n  scanf("%d",&n);\r\n  int arr[n];\r\n  for( int i=0;i<n;i++)\r\n  {\r\n    scanf("%d",&arr[i]);\r\n  }\r\n  for(int i=0;i<n;i++)\r\n  {\r\n    s+=arr[i];\r\n  }\r\n  avg=(float)s/n;\r\n  printf("%.2f",avg);\r\n}	c	2025-10-22 14:52:13.24655+05:30	2	86.33\n100.00	\n	4	2	51
91	import java.util.Scanner;\r\npublic class year{\r\npublic static void main(String[] args)\r\n{\r\nScanner sc=new Scanner(System.in);\r\nSystem.out.print("");\r\nint n=sc.nextInt();\r\n  if(n==2024){\r\n    System.out.print("Leap Year");\r\n  }\r\n  if(n==1900){\r\n    System.out.print("Not a Leap Year");\r\n  }\r\n/*if(n%400==0){\r\n  if(n%4==0&& n%100!=0){\r\nSystem.out.print("Leap Year");\r\n  }\r\n\r\n}\r\nelse\r\nSystem.out.print("Not a Leap Year");*/\r\n}\r\n}	java	2025-10-22 14:48:13.84392+05:30	2	Not a Leap Year\nLeap Year	\n	4	3	4
112	def sumarray(arr):\r\n  return sum(arr)\r\nn=int(input())\r\narr=list(map(int,input().split()))\r\nprint(sumarray(arr))	python	2025-10-22 14:54:50.063296+05:30	2	20\n4	\n	4	1	62
113	n=input().strip()\r\nif n==n[::-1]:\r\n      print("Palindrome")\r\nelse:\r\n     print("Not a Palindrome")	python	2025-10-22 14:54:56.450345+05:30	2	Not a Palindrome\nPalindrome	\n	4	4	22
130	#include<stdio.h>\r\nint main()\r\n{\r\nint n;\r\nscanf("%d",&n);\r\nif((n%4==0)&&(n%100!=0))\r\nprintf("Leap Year");\r\nelse\r\nprintf("Not a Leap Year");\r\n}	c	2025-10-22 15:01:36.248197+05:30	2	Not a Leap Year\nLeap Year	\n	4	3	34
128	#include<stdio.h>\r\nint main()\r\n{\r\nint n;\r\n  scanf("%d",&n);\r\n if((n%4==0)&&(n%100!=0))\r\n printf("Leap Year");\r\n else \r\n printf("Not a Leap Year");\r\n}	c	2025-10-22 15:00:58.381662+05:30	2	Not a Leap Year\nLeap Year	\n	4	3	15
123	#include<stdio.h>\r\nint main()\r\n{\r\nint y;\r\nscanf("%d",&y);\r\nif((y%4==0)&&(y%100!=0))\r\nprintf("Leap Year");\r\n\r\nelse\r\nprintf("Not a Leap Year");\r\n\r\n}	c	2025-10-22 14:59:58.706978+05:30	2	Not a Leap Year\nLeap Year	\n	4	3	40
121	#include<stdio.h>\r\nint main()\r\n{\r\nint year;\r\nscanf("%d",&year);\r\nif((year%4 == 0) && (year%400 == 0 || year%100 != 0))\r\n{\r\nprintf("Leap Year");\r\n}\r\nelse\r\n{\r\nprintf("Not a Leap Year");\r\n}\r\nreturn 0;\r\n}	c	2025-10-22 14:59:30.825871+05:30	2	Not a Leap Year\nLeap Year	\n	4	3	31
114	def sumArray(arr):\r\n  return sum(arr)\r\nn=int(input())\r\narr=list(map(int,input().split()))\r\nprint(sumArray(arr))	python	2025-10-22 14:55:34.345673+05:30	0	259\n400	Line 1: Expected '86.33', got '259'\nLine 1: Expected '100.00', got '400'	4	2	58
115	n = input()\r\nlength = len(n)\r\nfirst = n[0]\r\nlast = n[-1]\r\nresult = first == last\r\nif result:\r\n  print("Palindrome")\r\nelse:\r\n  print("Not a Palindrome")	python	2025-10-22 14:55:46.177313+05:30	2	Not a Palindrome\nPalindrome	\n	4	4	37
117	import java.util.Scanner; \r\npublic class ArraySum {\r\n    public static void main(String[] args) {\r\n        Scanner scanner = new Scanner(System.in);\r\n       \r\n        int n = scanner.nextInt();\r\n        int[] arr = new int[n]; \r\n        \r\n        for (int i = 0; i < n; i++) {\r\n            System.out.print("Element " + (i + 1) + ": ");\r\n            arr[i] = scanner.nextInt();\r\n        }\r\n        int sum = 0; \r\n        for (int i = 0; i < n; i++) {\r\n            sum += arr[i]; \r\n        }\r\n        System.out.println("The sum of the array elements is: " + sum);\r\n        scanner.close(); \r\n    }\r\n}	java	2025-10-22 14:56:21.760684+05:30	0	Element 1: Element 2: Element 3: Element 4: The sum of the array elements is: 20\nElement 1: Element 2: Element 3: Element 4: The sum of the array elements is: 4	Line 1: Expected '20', got 'Element 1: Element 2: Element 3: Element 4: The sum of the array elements is: 20'\nLine 1: Expected '4', got 'Element 1: Element 2: Element 3: Element 4: The sum of the array elements is: 4'	4	1	10
162	#include<stdio.h>\r\nint main()\r\n{\r\n  int n,x,y,z;\r\n  scanf("%d",&n);\r\n  z=n;\r\n  while(n!=0)\r\n  {\r\n    x=n%10;\r\n    y=y*10+x;\r\n    n=n/10;\r\n  }\r\n  if(z==y)\r\n  printf("Palindrome");\r\n  else\r\n  printf("Not a Palindrome");\r\n}	c	2025-10-22 15:19:48.818719+05:30	2	Not a Palindrome\nPalindrome	\n	4	4	34
110	import java.util.*;\r\npublic class ss{\r\n\tpublic static void main(String[] args)\r\n    {\r\n    \tScanner x=new Scanner(System.in);\r\n        int n=x.nextInt();\r\n        if(n%4==0)\r\n        {\r\n        \tif(n%400==0||n%100!=0)\r\n            {\r\n            \tSystem.out.print("Leap Year");\r\n            }\r\n          else{\r\n            System.out.print("Not a Leap Year");\r\n          }\r\n          \r\n        }\r\n        \r\n    }\r\n}	java	2025-10-22 14:53:58.691252+05:30	2	Not a Leap Year\nLeap Year	\n	4	3	35
129	#include<stdio.h>\r\nint main(){\r\n int n;\r\n int a;\r\n int r=0;\r\n scanf("%d",&n);\r\n int c=n;\r\n while(n>0){\r\n  a=n%10;\r\n  r=r*10+a;\r\n  n=n/10;\r\n }\r\n if(r==c) printf("Palindrome");\r\n else printf("Not a Palindrome");\r\n}	c	2025-10-22 15:01:27.997697+05:30	2	Not a Palindrome\nPalindrome	\n	4	4	23
118	#include<stdio.h>\r\nint main(){\r\nint y;\r\nscanf("%d",&y);\r\nif(y%400==0) printf("Leap Year");\r\nelse if(y%4==0 && y%100!=0) printf("Leap Year");\r\nelse printf("Not a Leap Year");\r\n}	c	2025-10-22 14:56:51.141639+05:30	2	Not a Leap Year\nLeap Year	\n	4	3	23
119	#include<stdio.h>\r\n#include<stdlib.h>\r\nint main()\r\n{\r\nint n;\r\nscanf("%d",&n);\r\nif((n%4==0)&&(n%100!=0))\r\n{\r\nprintf("Leap Year");\r\n}\r\nelse{\r\nprintf("Not a Leap Year");\r\n}\r\nreturn 0;\r\n}	c	2025-10-22 14:59:01.122168+05:30	2	Not a Leap Year\nLeap Year	\n	4	3	8
122	def sumArray(arr):\r\n  return sum(arr)\r\nn=int(input())\r\narr=list(map(int,input().split()))\r\nprint (sumArray(arr))	python	2025-10-22 14:59:43.288701+05:30	2	20\n4	\n	4	1	63
127	#include<stdio.h>\r\n#include<stdlib.h>\r\nint main(){\r\nint n;\r\nscanf("%d",&n);\r\nif(n%4==0 && n%100!=0){\r\nprintf("Leap Year");\r\n}\r\nelse{\r\nprintf("Not a Leap Year");\r\n}\r\n}	c	2025-10-22 15:00:51.136206+05:30	2	Not a Leap Year\nLeap Year	\n	4	3	32
120	def averageMarks(marks):\r\n total sum+average(marks)\r\nn=int(input())\r\narr=list(map(int,input().split()))\r\nprint(averageMarks(marks))	python	2025-10-22 14:59:07.471221+05:30	0		File "/box/submission/solution", line 2\n    total sum+average(marks)\n    ^^^^^^^^^^^^^^^^^^^^^^^^\nSyntaxError: invalid syntax. Perhaps you forgot a comma?\nFile "/box/submission/solution", line 2\n    total sum+average(marks)\n    ^^^^^^^^^^^^^^^^^^^^^^^^\nSyntaxError: invalid syntax. Perhaps you forgot a comma?	4	2	60
100	import numpy as np\r\nn=int(input())\r\nval = [int(input({i+1}))for i in range(n)]\r\narr = np.array(val)\r\nsum = np.sum(arr)\r\nprint(sum)	python	2025-10-22 14:50:29.636073+05:30	0	{1}\n{1}	Traceback (most recent call last):\n  File "/box/submission/solution", line 3, in <module>\n    val = [int(input({i+1}))for i in range(n)]\n  File "/box/submission/solution", line 3, in <listcomp>\n    val = [int(input({i+1}))for i in range(n)]\nValueError: invalid literal for int() with base 10: '-10 0 10 20'\nTraceback (most recent call last):\n  File "/box/submission/solution", line 3, in <module>\n    val = [int(input({i+1}))for i in range(n)]\n  File "/box/submission/solution", line 3, in <listcomp>\n    val = [int(input({i+1}))for i in range(n)]\nValueError: invalid literal for int() with base 10: '1 1 1 1'	4	1	6
116	year = int(input())\r\nif (year % 4 == 0 and year % 100 != 0):\r\n   print("Leap Year")\r\nelse:\r\n  print("Not a Leap Year")	python	2025-10-22 14:56:09.410804+05:30	2	Not a Leap Year\nLeap Year	\n	4	3	46
111	#include<stdio.h>\r\nint main(){\r\n  int n,x,y,z;\r\n  scanf("%d",&n);\r\n  z=n;\r\n  while(n!=0){\r\n  x=n%10;\r\n  y=y*10+x;\r\n  n=n/10;\r\n  }\r\n  if(y==z){\r\n  printf("Palindrome");\r\n  }\r\n  else if(y!=z){\r\n  printf("Not a Palindrome");\r\n  }\r\n}	c	2025-10-22 14:54:16.898133+05:30	2	Not a Palindrome\nPalindrome	\n	4	4	41
13	#include<stdio.h>\r\nint main()\r\n{\r\n  int n,i,sum=0;\r\n  scanf("%d",&n);\r\n  int a[n];\r\n  for(i=0;i<n;i++)\r\n  {\r\n   scanf("%d",&a[i]);\r\n  }\r\n  for(i=0;i<n;i++)\r\n  {\r\n    sum+=a[i];\r\n  }\r\n  \r\n  printf("%d\\n",sum);\r\n  return 0;\r\n}	c	2025-10-22 14:27:52.728234+05:30	2	20\n4	\n	4	1	49
134	#include<stdio.h>\r\nint main(){\r\nint n,s=0,r=0,d=0;\r\nscanf("%d",&n);\r\ns=n;\r\nwhile(n!=0){\r\nr=n%10;\r\nd=d*10+r;\r\nn=n/10;\r\n}\r\nif(d==s)\r\nprintf("Palindrome");\r\n\r\nelse\r\nprintf("Not a Palindrome");\r\n}	c	2025-10-22 15:02:11.55531+05:30	2	Not a Palindrome\nPalindrome	\n	4	4	40
137	#include<stdio.h>\r\nint main(){\r\n  int n;\r\n  scanf("%d",&n);\r\n  if((n%4==0)&&(n%100!=0)){\r\n    printf("Leap Year");\r\n  }\r\n  else if (n%400==0){\r\n    printf("Leap Year");\r\n  }\r\n  else{\r\n    printf("Not a Leap Year");\r\n  }\r\n  return 0;\r\n}	c	2025-10-22 15:02:27.897872+05:30	2	Not a Leap Year\nLeap Year	\n	4	3	39
125	#include<stdio.h>\r\nint main(){\r\n  int n;\r\n  scanf("%d",&n);\r\n  if(n%4==0&&n%100!=0){\r\n    printf("Leap Year");\r\n  }\r\n  else{\r\n    printf("Not a Leap Year");\r\n  }\r\n}	c	2025-10-22 15:00:12.626565+05:30	2	Not a Leap Year\nLeap Year	\n	4	3	30
126	def averageMarks(marks):\r\n  total_marks = sum(marks)\r\n  n = len(marks)\r\n    average = total_marks / n\r\n    print(f"{average:.2f}")\r\nn = 5\r\nmarks = [70, 80, 90, 60, 50]\r\naverageMarks(marks)	python	2025-10-22 15:00:46.294815+05:30	0		File "/box/submission/solution", line 4\n    average = total_marks / n\nIndentationError: unexpected indent\nFile "/box/submission/solution", line 4\n    average = total_marks / n\nIndentationError: unexpected indent	4	2	56
132	#include<stdio.h>\r\nint main()\r\n{\r\n  int n;\r\n  scanf("%d",&n);\r\n  if((n%4==0)&&(n%100!=0))\r\n  { \r\n  printf("Leap Year");\r\n}\r\nelse if(n%100==0){\r\nprintf("Not a Leap Year");\r\n}\r\nelse\r\n{\r\nprintf("Not a Leap Year");\r\n}\r\nreturn 0;\r\n}	c	2025-10-22 15:02:05.759136+05:30	2	Not a Leap Year\nLeap Year	\n	4	3	49
139	n = input()\r\nif n == n[::-1]:\r\n  print("Palindrome")\r\nelse:\r\n  print("Not a Palindrome")	python	2025-10-22 15:03:11.068408+05:30	2	Not a Palindrome\nPalindrome	\n	4	4	46
141	year = int(input())\r\nif (year%400==0)or(year%100!=0 and year%4==0):\r\n  print("Leap Year")\r\nelse:\r\n  print("Not a Leap Year")	python	2025-10-22 15:05:01.350454+05:30	2	Not a Leap Year\nLeap Year	\n	4	3	50
136	#include<stdio.h>\r\nint main(){\r\nint n;\r\nscanf("%d",&n);\r\nif((n%4==0)&&(n%100!=0)){\r\n  printf("Leap Year");\r\n}\r\nelse if(n%400==0){\r\n  printf("Leap Year");\r\n}\r\nelse{\r\n  printf("Not a Leap Year");\r\n}\r\n return 0;\r\n}	c	2025-10-22 15:02:22.587249+05:30	2	Not a Leap Year\nLeap Year	\n	4	3	55
144	year = int(input())\r\n\r\nif (year % 400 == 0) or (year % 4 == 0 and year % 100 != 0):\r\n    print("Leap Year")\r\nelse:\r\n    print("Not a Leap Year")	python	2025-10-22 15:05:25.756057+05:30	2	Not a Leap Year\nLeap Year	\n	4	3	17
92	import java.util.Scanner;\r\npublic class year{\r\npublic static void main(String[] args)\r\n{\r\nScanner sc=new Scanner(System.in);\r\nSystem.out.print("");\r\nint n=sc.nextInt();\r\nif(n==1900){\r\n  System.out.print("Not a Leap Year");\r\n}\r\nif(n==2024){\r\n  System.out.print("Leap Year");\r\n}\r\n}\r\n}	java	2025-10-22 14:48:32.011851+05:30	2	Not a Leap Year\nLeap Year	\n	4	3	13
143	year = int(input())\r\n\r\nif (year % 400 == 0) or (year % 4 == 0 and year % 100 != 0):\r\n    print("Leap Year")\r\nelse:\r\n    print("Not a Leap Year")	python	2025-10-22 15:05:16.464542+05:30	2	Not a Leap Year\nLeap Year	\n	4	3	47
133	#include<stdio.h>\r\n#include<stdlib.h>\r\nint main(){\r\nint n;\r\nscanf("%d",&n);\r\nif(n%4==0 && n%100!=0){\r\nprintf("Leap Year");\r\n}\r\nelse{\r\nprintf("Not a Leap Year");\r\n}\r\n}	c	2025-10-22 15:02:09.306923+05:30	2	Not a Leap Year\nLeap Year	\n	4	3	26
140	year = int(input())\r\nif (year % 4 == 0 and year % 100 != 0):\r\n  print("Leap Year")\r\nelse:\r\n  print("Not a Leap Year")	python	2025-10-22 15:03:17.668426+05:30	2	Not a Leap Year\nLeap Year	\n	4	3	44
142	year = int(input())\r\n\r\nif (year % 400 == 0) or (year % 4 == 0 and year % 100 != 0):\r\n    print("Leap Year")\r\nelse:\r\n    print("Not a Leap Year")	python	2025-10-22 15:05:06.328968+05:30	2	Not a Leap Year\nLeap Year	\n	4	3	9
135	#include<stdio.h>\r\n#include<stdlib.h>\r\nint main(){\r\nint n;\r\nif(n%10==1){\r\nprintf("Palindrome");\r\n}\r\n\r\nelse{\r\nprintf("Not a Palindrome");\r\n}\r\nreturn 0;\r\n}	c	2025-10-22 15:02:19.633837+05:30	1	Not a Palindrome\nNot a Palindrome	\nLine 1: Expected 'Palindrome', got 'Not a Palindrome'	4	4	8
131	import java.until.scanner;\r\npublic class year{\r\npublic static void main(String[] args)\r\n{\r\nScanner sc=new Scanner(System.in);\r\nSystem.out.print("");\r\n/*int n=sc.nextInt();\r\nif (n%400==0 &&  n%100!=0){\r\nSystem.out.print("leap year");\r\n}\r\nelse\r\nsystem.out.print("not a leap year");\r\n}}*/\r\nif(n==1990){\r\n  System.out.print("Not a Leap Year");\r\n}\r\n  if(n==2024){\r\n    System.out.print("Leap Year");\r\n    \r\n  }\r\n}\r\n}	java	2025-10-22 15:01:56.830748+05:30	0		solution.java:1: error: package java.until does not exist\nimport java.until.scanner;\n                 ^\nsolution.java:5: error: cannot find symbol\nScanner sc=new Scanner(System.in);\n^\n  symbol:   class Scanner\n  location: class year\nsolution.java:5: error: cannot find symbol\nScanner sc=new Scanner(System.in);\n               ^\n  symbol:   class Scanner\n  location: class year\nsolution.java:14: error: cannot find symbol\nif(n==1990){\n   ^\n  symbol:   variable n\n  location: class year\nsolution.java:17: error: cannot find symbol\n  if(n==2024){\n     ^\n  symbol:   variable n\n  location: class year\n5 errors\nerror: compilation failed\nsolution.java:1: error: package java.until does not exist\nimport java.until.scanner;\n                 ^\nsolution.java:5: error: cannot find symbol\nScanner sc=new Scanner(System.in);\n^\n  symbol:   class Scanner\n  location: class year\nsolution.java:5: error: cannot find symbol\nScanner sc=new Scanner(System.in);\n               ^\n  symbol:   class Scanner\n  location: class year\nsolution.java:14: error: cannot find symbol\nif(n==1990){\n   ^\n  symbol:   variable n\n  location: class year\nsolution.java:17: error: cannot find symbol\n  if(n==2024){\n     ^\n  symbol:   variable n\n  location: class year\n5 errors\nerror: compilation failed	4	3	16
182	n=input().strip()\r\nif n == n[::-1]:\r\n  print("Palindrome")\r\nelse:\r\n  print("Not a Palindrome")	python	2025-10-22 15:41:46.624864+05:30	2	Not a Palindrome\nPalindrome	\n	4	4	61
\.


--
-- TOC entry 5344 (class 0 OID 17054)
-- Dependencies: 276
-- Data for Name: codingapp_course; Type: TABLE DATA; Schema: public; Owner: postgres
--

COPY public.codingapp_course (id, title, description, difficulty, prerequisites, time_to_complete, is_public, created_at, created_by_id) FROM stdin;
\.


--
-- TOC entry 5346 (class 0 OID 17071)
-- Dependencies: 278
-- Data for Name: codingapp_course_groups; Type: TABLE DATA; Schema: public; Owner: postgres
--

COPY public.codingapp_course_groups (id, course_id, group_id) FROM stdin;
\.


--
-- TOC entry 5348 (class 0 OID 17080)
-- Dependencies: 280
-- Data for Name: codingapp_coursecontent; Type: TABLE DATA; Schema: public; Owner: postgres
--

COPY public.codingapp_coursecontent (id, title, video_url, content, "order", course_id) FROM stdin;
\.


--
-- TOC entry 5320 (class 0 OID 16735)
-- Dependencies: 252
-- Data for Name: codingapp_group; Type: TABLE DATA; Schema: public; Owner: postgres
--

COPY public.codingapp_group (id, name) FROM stdin;
1	Coding Contest
\.


--
-- TOC entry 5322 (class 0 OID 16745)
-- Dependencies: 254
-- Data for Name: codingapp_group_students; Type: TABLE DATA; Schema: public; Owner: postgres
--

COPY public.codingapp_group_students (id, group_id, user_id) FROM stdin;
1	1	1
2	1	2
3	1	3
4	1	4
5	1	5
6	1	6
7	1	7
8	1	8
9	1	9
10	1	10
11	1	11
12	1	12
13	1	13
14	1	14
15	1	15
16	1	16
17	1	17
18	1	18
19	1	19
20	1	20
21	1	21
22	1	22
23	1	23
24	1	24
25	1	25
26	1	26
27	1	27
28	1	28
29	1	29
30	1	30
31	1	31
32	1	32
33	1	33
34	1	34
35	1	35
36	1	36
37	1	37
38	1	38
39	1	39
40	1	40
41	1	41
42	1	42
43	1	43
44	1	44
45	1	45
46	1	46
47	1	47
48	1	48
49	1	49
50	1	50
51	1	51
52	1	52
53	1	53
54	1	54
55	1	55
56	1	56
57	1	57
58	1	58
59	1	59
60	1	60
61	1	61
62	1	62
63	1	64
64	1	63
\.


--
-- TOC entry 5306 (class 0 OID 16573)
-- Dependencies: 238
-- Data for Name: codingapp_module; Type: TABLE DATA; Schema: public; Owner: postgres
--

COPY public.codingapp_module (id, title, slug, description) FROM stdin;
1	Exam	exam	test
2	Array	array	
\.


--
-- TOC entry 5326 (class 0 OID 16824)
-- Dependencies: 258
-- Data for Name: codingapp_module_groups; Type: TABLE DATA; Schema: public; Owner: postgres
--

COPY public.codingapp_module_groups (id, module_id, group_id) FROM stdin;
\.


--
-- TOC entry 5352 (class 0 OID 17151)
-- Dependencies: 284
-- Data for Name: codingapp_modulecompletion; Type: TABLE DATA; Schema: public; Owner: postgres
--

COPY public.codingapp_modulecompletion (id, completed, manually_marked, completed_at, module_id, user_id) FROM stdin;
1	f	f	2025-10-22 13:04:56.076916+05:30	1	2
\.


--
-- TOC entry 5338 (class 0 OID 16978)
-- Dependencies: 270
-- Data for Name: codingapp_note; Type: TABLE DATA; Schema: public; Owner: postgres
--

COPY public.codingapp_note (id, title, description, file, uploaded_at, uploaded_by_id, group_id) FROM stdin;
\.


--
-- TOC entry 5340 (class 0 OID 17004)
-- Dependencies: 272
-- Data for Name: codingapp_notice; Type: TABLE DATA; Schema: public; Owner: postgres
--

COPY public.codingapp_notice (id, title, content, created_at, for_everyone, attachment, created_by_id, group_id) FROM stdin;
\.


--
-- TOC entry 5342 (class 0 OID 17018)
-- Dependencies: 274
-- Data for Name: codingapp_noticereadstatus; Type: TABLE DATA; Schema: public; Owner: postgres
--

COPY public.codingapp_noticereadstatus (id, is_read, read_at, notice_id, user_id) FROM stdin;
\.


--
-- TOC entry 5308 (class 0 OID 16588)
-- Dependencies: 240
-- Data for Name: codingapp_question; Type: TABLE DATA; Schema: public; Owner: postgres
--

COPY public.codingapp_question (id, title, description, test_cases, module_id, correct_answer, options, question_type) FROM stdin;
2	Average Marks of Students	Problem Description:\r\n\r\nYou are given the marks of n students in an array. Your task is to calculate the average marks (as a floating-point number) and print it rounded to 2 decimal places.\r\n\r\nFunction Description:\r\n\r\nComplete the function averageMarks that takes an integer array of marks and returns the average marks.\r\n\r\nInput Format:\r\n\r\nThe first line contains an integer n, the number of students.\r\n\r\nThe second line contains n space-separated integers representing the marks of each student.\r\n\r\nConstraints:\r\n\r\n1  n  10^5\r\n\r\n0  marks[i]  100\r\n\r\nOutput Format:\r\n\r\nPrint the average marks rounded to 2 decimal places.\r\n\r\nSample Input 0:\r\n5\r\n70 80 90 60 50\r\n\r\nSample Output 0:\r\n70.00\r\n\r\nExplanation:\r\n\r\nAverage = (70 + 80 + 90 + 60 + 50) / 5 = 350 / 5 = 70.00	[{"input": "3\\r\\n88 92 79", "expected_output": ["86.33"]}, {"input": "4\\r\\n100 100 100 100", "expected_output": ["100.00"]}]	1		[]	coding
3	Check Leap Year	Problem Description:\r\n\r\nGiven a year, determine whether it is a leap year.\r\nA year is a leap year if:\r\n\r\nIt is divisible by 400, or\r\n\r\nIt is divisible by 4 but not divisible by 100.\r\n\r\nYour task is to write a program that prints "Leap Year" if the year is a leap year, otherwise print "Not a Leap Year".\r\n\r\nInput Format:\r\n\r\nA single integer representing the year.\r\n\r\nConstraints:\r\n\r\n1  year  10^5\r\n\r\nOutput Format:\r\n\r\nPrint "Leap Year" or "Not a Leap Year" based on the condition.\r\n\r\nSample Input 0:\r\n2020\r\n\r\nSample Output 0:\r\nLeap Year	[{"input": "1900", "expected_output": ["Not a Leap Year"]}, {"input": "2024", "expected_output": ["Leap Year"]}]	1		[]	coding
4	Check Palindrome Number	Problem Description:\r\n\r\nGiven an integer, determine if it is a palindrome. A number is a palindrome if it reads the same backward as forward.\r\n\r\nYour task is to write a program that prints "Palindrome" if the number is a palindrome, otherwise print "Not a Palindrome".\r\n\r\nInput Format:\r\n\r\nA single integer n.\r\n\r\nConstraints:\r\n\r\n0  n  10^9\r\n\r\nOutput Format:\r\n\r\nPrint "Palindrome" if the number is a palindrome, otherwise "Not a Palindrome".\r\n\r\nSample Input 0:\r\n121\r\n\r\nSample Output 0:\r\nPalindrome	[{"input": "123", "expected_output": ["Not a Palindrome"]}, {"input": "11211", "expected_output": ["Palindrome"]}]	1		[]	coding
1	Sum of Array Elements	Problem Description:\r\n\r\nYou are given an array of integers. Your task is to calculate the sum of all elements in the array and return the result.\r\n\r\nFunction Description:\r\n\r\nComplete the function sumArray which takes an integer array as input and returns the sum of its elements.\r\n\r\nInput Format:\r\n\r\nThe first line contains an integer n, the size of the array.\r\n\r\nThe second line contains n space-separated integers representing the elements of the array.\r\n\r\nConstraints:\r\n\r\n1  n  10^5\r\n\r\n-10^9  array[i]  10^9\r\n\r\nOutput Format:\r\n\r\nPrint the sum of the elements in the array.\r\n\r\nSample Input 0:\r\n5\r\n1 2 3 4 5\r\n\r\nSample Output 0:\r\n15\r\n\r\nExplanation:\r\n\r\nThe sum of the elements 1 + 2 + 3 + 4 + 5 = 15.	[{"input": "4\\r\\n-10 0 10 20", "expected_output": ["20"]}, {"input": "4\\r\\n1 1 1 1", "expected_output": ["4"]}]	1		[]	coding
\.


--
-- TOC entry 5330 (class 0 OID 16881)
-- Dependencies: 262
-- Data for Name: codingapp_quiz; Type: TABLE DATA; Schema: public; Owner: postgres
--

COPY public.codingapp_quiz (id, title, description, created_at, created_by_id) FROM stdin;
\.


--
-- TOC entry 5332 (class 0 OID 16893)
-- Dependencies: 264
-- Data for Name: codingapp_quiz_questions; Type: TABLE DATA; Schema: public; Owner: postgres
--

COPY public.codingapp_quiz_questions (id, quiz_id, question_id) FROM stdin;
\.


--
-- TOC entry 5336 (class 0 OID 16933)
-- Dependencies: 268
-- Data for Name: codingapp_quizanswer; Type: TABLE DATA; Schema: public; Owner: postgres
--

COPY public.codingapp_quizanswer (id, selected_option, question_id, submission_id) FROM stdin;
\.


--
-- TOC entry 5334 (class 0 OID 16922)
-- Dependencies: 266
-- Data for Name: codingapp_quizsubmission; Type: TABLE DATA; Schema: public; Owner: postgres
--

COPY public.codingapp_quizsubmission (id, submitted_at, score, quiz_id, user_id) FROM stdin;
\.


--
-- TOC entry 5350 (class 0 OID 17120)
-- Dependencies: 282
-- Data for Name: codingapp_studentperformance; Type: TABLE DATA; Schema: public; Owner: postgres
--

COPY public.codingapp_studentperformance (id, score, attempts, last_submitted, is_correct, assessment_id, question_id, student_id) FROM stdin;
\.


--
-- TOC entry 5310 (class 0 OID 16600)
-- Dependencies: 242
-- Data for Name: codingapp_submission; Type: TABLE DATA; Schema: public; Owner: postgres
--

COPY public.codingapp_submission (id, code, language, submitted_at, status, output, error, question_id, user_id) FROM stdin;
1	def sumArray(arr):\r\n    return sum(arr)\r\n\r\nif __name__ == "__main__":\r\n    n = int(input())\r\n    arr = list(map(int, input().split()))\r\n    result = sumArray(arr)\r\n    print(result)	python	2025-10-22 13:00:10.240373+05:30	Accepted	20		1	2
2	def averageMarks(marks):\r\n    total = sum(marks)\r\n    n = len(marks)\r\n    avg = total / n\r\n    return round(avg, 2)\r\n\r\nif __name__ == "__main__":\r\n    n = int(input())\r\n    marks = list(map(int, input().split()))\r\n    result = averageMarks(marks)\r\n    print(f"{result:.2f}")	python	2025-10-22 13:09:27.399582+05:30	Rejected	86.33		2	2
3	def isLeapYear(year):\r\n    if (year % 400 == 0) or (year % 4 == 0 and year % 100 != 0):\r\n        return "Leap Year"\r\n    else:\r\n        return "Not a Leap Year"\r\n\r\nif __name__ == "__main__":\r\n    year = int(input())\r\n    print(isLeapYear(year))	python	2025-10-22 13:14:59.267496+05:30	Accepted	Not a Leap Year		3	2
4	def isPalindrome(num):\r\n    # Convert number to string\r\n    s = str(num)\r\n    # Check if string is same as its reverse\r\n    if s == s[::-1]:\r\n        return "Palindrome"\r\n    else:\r\n        return "Not a Palindrome"\r\n\r\nif __name__ == "__main__":\r\n    n = int(input())\r\n    print(isPalindrome(n))	python	2025-10-22 13:16:46.097484+05:30	Accepted	Not a Palindrome		4	2
5	fdsfdf	python	2025-10-22 14:02:58.961904+05:30	Rejected			1	3
\.


--
-- TOC entry 5328 (class 0 OID 16861)
-- Dependencies: 260
-- Data for Name: codingapp_userprofile; Type: TABLE DATA; Schema: public; Owner: postgres
--

COPY public.codingapp_userprofile (id, profile_picture, full_name, user_id) FROM stdin;
1			1
2			2
3			3
4			4
6			6
7			7
8			8
9			9
10			10
11			11
12			12
13			13
14			14
15			15
16			16
17			17
18			18
19			19
20			20
56			56
22			22
23			23
24			24
25			25
26			26
27			27
28			28
29			29
30			30
31			31
32			32
33			33
34			34
35			35
36			36
37			37
38			38
39			39
40			40
41			41
42			42
43			43
44			44
45			45
57			57
46			46
47			47
48			48
5		Kurnala Pranavi Sai	5
49			49
50			50
51			51
52			52
58			58
53			53
54			54
21		Keerthi	21
55			55
59			59
60			60
61			61
62			62
63			63
64		sindhuja	64
65			65
66			66
67			67
68			68
\.


--
-- TOC entry 5304 (class 0 OID 16532)
-- Dependencies: 236
-- Data for Name: django_admin_log; Type: TABLE DATA; Schema: public; Owner: postgres
--

COPY public.django_admin_log (id, action_time, object_id, object_repr, action_flag, change_message, content_type_id, user_id) FROM stdin;
\.


--
-- TOC entry 5290 (class 0 OID 16402)
-- Dependencies: 222
-- Data for Name: django_content_type; Type: TABLE DATA; Schema: public; Owner: postgres
--

COPY public.django_content_type (id, app_label, model) FROM stdin;
1	admin	logentry
2	auth	permission
3	auth	group
4	auth	user
5	contenttypes	contenttype
6	sessions	session
7	codingapp	module
8	codingapp	question
9	codingapp	submission
10	codingapp	assessment
11	codingapp	assessmentquestion
12	codingapp	assessmentsubmission
13	codingapp	assessmentsession
14	codingapp	group
15	codingapp	userprofile
16	codingapp	quiz
17	codingapp	quizsubmission
18	codingapp	quizanswer
19	codingapp	note
20	codingapp	notice
21	codingapp	noticereadstatus
22	codingapp	course
23	codingapp	coursecontent
24	codingapp	studentperformance
25	codingapp	modulecompletion
\.


--
-- TOC entry 5288 (class 0 OID 16390)
-- Dependencies: 220
-- Data for Name: django_migrations; Type: TABLE DATA; Schema: public; Owner: postgres
--

COPY public.django_migrations (id, app, name, applied) FROM stdin;
1	contenttypes	0001_initial	2025-10-22 11:59:56.07613+05:30
2	auth	0001_initial	2025-10-22 11:59:56.107712+05:30
3	admin	0001_initial	2025-10-22 11:59:56.113353+05:30
4	admin	0002_logentry_remove_auto_add	2025-10-22 11:59:56.118625+05:30
5	admin	0003_logentry_add_action_flag_choices	2025-10-22 11:59:56.122223+05:30
6	contenttypes	0002_remove_content_type_name	2025-10-22 11:59:56.123948+05:30
7	auth	0002_alter_permission_name_max_length	2025-10-22 11:59:56.132066+05:30
8	auth	0003_alter_user_email_max_length	2025-10-22 11:59:56.135107+05:30
9	auth	0004_alter_user_username_opts	2025-10-22 11:59:56.138216+05:30
10	auth	0005_alter_user_last_login_null	2025-10-22 11:59:56.141391+05:30
11	auth	0006_require_contenttypes_0002	2025-10-22 11:59:56.141391+05:30
12	auth	0007_alter_validators_add_error_messages	2025-10-22 11:59:56.144387+05:30
13	auth	0008_alter_user_username_max_length	2025-10-22 11:59:56.14888+05:30
14	auth	0009_alter_user_last_name_max_length	2025-10-22 11:59:56.150892+05:30
15	auth	0010_alter_group_name_max_length	2025-10-22 11:59:56.155607+05:30
16	auth	0011_update_proxy_permissions	2025-10-22 11:59:56.159204+05:30
17	auth	0012_alter_user_first_name_max_length	2025-10-22 11:59:56.162249+05:30
18	codingapp	0001_initial	2025-10-22 11:59:56.176451+05:30
19	codingapp	0002_assessment_assessmentquestion_assessmentsubmission	2025-10-22 11:59:56.197053+05:30
20	codingapp	0003_assessmentsession	2025-10-22 11:59:56.210526+05:30
21	codingapp	0004_rename_started_at_assessmentsession_start_time	2025-10-22 11:59:56.216885+05:30
22	codingapp	0005_alter_assessmentsession_start_time_group	2025-10-22 11:59:56.227995+05:30
23	codingapp	0006_group_assessments_group_modules	2025-10-22 11:59:56.248316+05:30
24	codingapp	0007_remove_group_assessments_remove_group_modules_and_more	2025-10-22 11:59:56.280016+05:30
25	codingapp	0008_userprofile	2025-10-22 11:59:56.291482+05:30
26	codingapp	0009_alter_question_test_cases	2025-10-22 11:59:56.300538+05:30
27	codingapp	0010_question_correct_answer_question_options_and_more	2025-10-22 11:59:56.309895+05:30
28	codingapp	0011_quiz	2025-10-22 11:59:56.325069+05:30
29	codingapp	0012_quizsubmission_quizanswer	2025-10-22 11:59:56.347298+05:30
30	codingapp	0013_assessment_quiz_assessmentsession_quiz_submitted	2025-10-22 11:59:56.362814+05:30
31	codingapp	0014_assessmentquestion_order_and_more	2025-10-22 11:59:56.373394+05:30
32	codingapp	0015_note	2025-10-22 11:59:56.383167+05:30
33	codingapp	0016_note_group	2025-10-22 11:59:56.39355+05:30
34	codingapp	0017_notice_noticereadstatus	2025-10-22 11:59:56.413817+05:30
35	codingapp	0018_course_coursecontent	2025-10-22 11:59:56.44678+05:30
36	codingapp	0019_studentperformance	2025-10-22 11:59:56.491673+05:30
37	codingapp	0020_modulecompletion	2025-10-22 11:59:56.50805+05:30
38	codingapp	0021_assessmentsession_end_time	2025-10-22 11:59:56.517175+05:30
39	sessions	0001_initial	2025-10-22 11:59:56.521097+05:30
\.


--
-- TOC entry 5353 (class 0 OID 17176)
-- Dependencies: 285
-- Data for Name: django_session; Type: TABLE DATA; Schema: public; Owner: postgres
--

COPY public.django_session (session_key, session_data, expire_date) FROM stdin;
071rmj399y11flcoqt9r0dgmy0lu5i3u	.eJxVjDsOwjAQBe_iGlnGf1PScwZr17vBAeRIcVIh7k4ipYD2zcx7iwzrUvPaec4jiYvw4vS7IZQntx3QA9p9kmVqyzyi3BV50C5vE_Hrerh_BxV63WqMihO7qD0aDKUkCyYkSCYqTYP3wTEoJlJ-sFYba2M6g3MqbH5Bp8XnC91JN1E:1vBUSp:mC-O4DVNlHB5KVybSvjJroMmqfQ-tdeVGPrd76NTsbI	2025-11-05 14:14:59.477426+05:30
ust90kgrll26482p411u5ktun8q52v53	.eJytlEGPmzAQhf_KlKoSSCkFQkiIlEPba7fqtVoqawImoQGDbLNStNr_3nGAANkcVm0jweHNmxm_zyjPFsNWH1mruGRFZm2twFpMtT2mJy5MIfuN4lC7aS20LPausbh9VbkPdcbLL713NuCI6kjdyyjNNynGfhTt1yHmm-Xa5yv015znfsyjKAwjP_Nif-3jJo1X4T5deZh6cRznXoA5DU1pB_PNSXgOqq0-S4lnG6V0tolMBNBPct1KYYoX3cjmKXJgTGDFGYPdDhKLsQoLwVhiXVsF7KAQ2i5E02rbcQad5lClLJS2K2yorBfQe1zVlIXxOuN-1Zaa_LPjDdVGmgWdx6FAJQFt8dCFas76WIshZtDHxCcuyfGA8qRoP73HsLrWWHa7-tI0S8nFjYpPB9K7rk8gbpjJuhWZTZ4FBP8F3GX5X6C7E3kOME-s5869dYP8JbFmLINXLJc9y0J949j85CjtM71GkJTyosAHCD3PBPUcqOUoXiRAkUGv-GR7Z2zXGROSiWX2gFmUWEOdl4rfN3-vNSDctLwV_uU89_l3sG5Dz1gtX7EKr6x-YFmITNYVt0VbjUHfw9da0BVpIHnPJX1QoOgfQRwGh7l0Ui5tk64jT08GdWemDaAoG6CCQivCQTMVn1yJMqHV43b70f91n9x4xLdzvu351698oDzFNYccjpBf_gAvAL0M:1vBTYU:KAsXPDXpl05OSscbcPankJLaJea_xApdsdL70sU76EI	2025-11-05 13:16:46.122372+05:30
fgi8jkrrpoyln5xblug5omn8aox7i31l	.eJxVjEsOwjAMBe-SNYriNnVqluw5Q-U4DimgVOpnhbg7VOoCtm9m3ssMvK1l2BadhzGZs2nM6XeLLA-tO0h3rrfJylTXeYx2V-xBF3udkj4vh_t3UHgp37pFyb0wAWIMnnPfBtCOIahmIEX0HiE5ggDcC3U-SudYHBFl13A27w_fNzey:1vBTl6:DVR5I75WrLWCIe3cTAcLRHOoDvzASe-Zh6Tf3rAudLs	2025-11-05 13:29:48.036795+05:30
52mnidyxqrpbkpj5vlvefj5os6hyyiek	.eJxVjssOwiAQRf-FtSE8AhaX7v0GwgxDqTZgSrswxn-XRhe6PffeM_NkPmxr9lujxU-RnZhmh18GAW9U9iBeQxkrx1rWZQK-V_g3bfxSI83nb_dPkEPLfS01JW3RKRjsgEgiKmvxCBCBiEwwkjBqsMI4DSKRUwq0HJwRAXWwskux3_Cyu1JsKaZO5v7RFsYPvT_WXAt7vQHWE0Vw:1vBUHC:plOJen2UX4BsHzCTE28UM_p_BWnNcoRI9d4JOedj9oQ	2025-11-05 14:02:58.978188+05:30
umrr72dh7t3y0b1rnln2f6a4fwvunt13	.eJxVjDsOwjAQBe_iGln-xD9Kes5grddeHEC2FCcV4u4QKQW0b2bei0XY1hq3UZY4Z3Zmhp1-twT4KG0H-Q7t1jn2ti5z4rvCDzr4tefyvBzu30GFUb-1IgSrCk7JYUKQQgefghLCehlM8caT8QasxkDkpQjOknKT0prABWPZ-wPj5zcy:1vBUSg:kYw0cKRr0toCDto7CJ1kU1hD7jkTnrNbYYSzPt1PhAo	2025-11-05 14:14:50.781572+05:30
mlnwv7hkw7l0gchsh6hmhs7pgzmf23zq	.eJxVjMsOwiAQRf-FtSE8tIBL9_0GMjMMUjWQlHZl_HfbpAvd3nPOfYsI61Li2nmOUxJX4cTpd0OgJ9cdpAfUe5PU6jJPKHdFHrTLsSV-3Q7376BAL1udMSAaHhgC2TPpZAbPwViVPPtMF89KG60scwoKNWwSO69Cdo4wZyc-XwXLOKI:1vBUT9:TRQM9hGtHQHfPwkvd2YkOJxznH0fNR-wYxGgGdXKqQU	2025-11-05 14:15:19.742495+05:30
m6cu9zlrwfewotvp5hy28417cmkf22lj	.eJxVjEsOwjAMBe-SNYqSGLuYJXvOEDmJSwsokfpZIe4OlbqA7ZuZ9zJR1mWI66xTHIs5GzaH3y1JfmjdQLlLvTWbW12mMdlNsTud7bUVfV529-9gkHn41qBYQKgPwROdALqQqDuC9ERFA7M6xyIlETM67JTBZd9jDuATJkTz_gDK_Dcf:1vBUTA:PgDrfFHiDM5SPPqLWMlQ2B59Ih9f9w4A0LVqHDo92CI	2025-11-05 14:15:20.345921+05:30
x842ii8uva59itposbvwgjym0gvcj1ev	.eJxVjDsOwjAQBe_iGln-BH8o6XMGa3e94ACypTipEHcnkVJA-2bmvUWCdSlp7TynKYuL0EqcfkcEenLdSX5AvTdJrS7zhHJX5EG7HFvm1_Vw_w4K9LLVEEKMDg3HgAwqeKSYz-QdsrYM-hbIDcaDz2pg2oQcvQbrdBgUG2XF5wsXqzgL:1vBUTA:DBNWn_GR0xLnbii-mP2XsS5CgPYVV7KtZBlgw4K5tR8	2025-11-05 14:15:20.826509+05:30
ntye9g8yvvdye67gqd1esjnldgry2e3w	.eJxVjEEOwiAQRe_C2hCmUKa4dN8zkAGmUjWQlHZlvLtt0oVu33v_v4Wnbc1-a7z4OYmrABCXXxgoPrkcJj2o3KuMtazLHOSRyNM2OdbEr9vZ_h1kanlfI8KkdAzGsqNeGyJAoq4HGEIHYSBiy5EgOmUmBMV2h8qCdmgVahCfL__GN1I:1vBUTH:jT6X3q_9BWyKUhwI-W2NMJYIdIfPr_wv4dcTQb-KObs	2025-11-05 14:15:27.028751+05:30
yzkrm7vpfr0a5pavy3bv7mykhsh61vym	.eJxVjMsOwiAURP-FtSG8Hy7d9xvIhQtSNZCUdmX8d9ukC11NMufMvEmAba1hG3kJM5Ir4ZJcfssI6ZnbQfAB7d5p6m1d5kgPhZ500Kljft1O9--gwqj7OolimHNaaTTIrAMRdYql5GS1lRwFMO-8MlpHxgQXKBwkz3FPyaXy5PMF-ng3RA:1vBUTQ:wtnoBK8dItq9PUoGPRVf10Yrgq4lwNHpk2n9ZUv2qhw	2025-11-05 14:15:36.67783+05:30
opmp5az3iisk8baju6vnilqdbddvfupx	.eJxVjDsOwjAQBe_iGln-rNcxJT1nsNY_HEC2FCcV4u4QKQW0b2bei3na1uq3kRc_J3ZmEtjpdwwUH7ntJN2p3TqPva3LHPiu8IMOfu0pPy-H-3dQadRvjQiWEIMUGGzJIhmhHSotAARgMRakziU56aSymLUIRpGeIpGcoKBm7w_Qhzau:1vBUTT:OZeYXkiTuGbCxEGzyE3OzASZjHNVe0Y1TXgRMS15cmE	2025-11-05 14:15:39.419387+05:30
mfxvy54kiu7zn6bddg951bffzry4cg4p	.eJxVjEEOwiAQRe_C2pAKTKe4dN8zNDMMSNVAUtqV8e7apAvd_vfef6mJtjVPW4vLNIu6qDOo0-_IFB6x7ETuVG5Vh1rWZWa9K_qgTY9V4vN6uH8HmVr-1oTOQm-8ZXYhDRiMQUoYGBIFMcLUA3EHA7BDiZ116DyjUJToPVr1_gAebjjQ:1vBUTU:T9EHhFcMMI7B0lnapFD6UeWF44tq4UvaCRXxka1-97g	2025-11-05 14:15:40.963511+05:30
ut87eapi6oskfu6yfl4zww7zdck2o9lv	.eJxVjM0OwiAQhN-FsyEgP1s9eu8zkF1gpWogKe3J-O62SQ96m8z3zbxFwHUpYe15DlMSV6G9OP2WhPGZ607SA-u9ydjqMk8kd0UetMuxpfy6He7fQcFetrU3AE4byglAe71lRGcZWLE37KwydGa-ROciOWuVB6LBZlbRZxgii88X7Lw35g:1vBUTd:kFnRc8yEiLeUt_7qlgzf-ZL5MOczr_Uv5SUS5Hzek0k	2025-11-05 14:15:49.635106+05:30
elxjrtsvdroim6smcz1poyc4opr3w6ge	.eJxVjDsOwjAQBe_iGlle43hjSvqcIdpfSAAlUj4V4u4QKQW0b2bey7W0rX27LTa3g7qLA3Sn35FJHjbuRO803iYv07jOA_td8QddfDOpPa-H-3fQ09J_66rkDljPYpJzyAkClYiinFAtdIXRkLSqNSGDQERkBaFoJUEsoXbvDxgSODk:1vBUTn:MrF_MRhoixYMv303JawGnfWcU2qPlJ8j6a1mrar7WY8	2025-11-05 14:15:59.904875+05:30
otnnzkksrsg9w3zih60d4n2pru469c3s	.eJxVjEEOwiAQRe_C2hAoWMCl-56BzDCDVA0kpV0Z765NutDtf-_9l4iwrSVunZc4k7gI7cXpd0RID647oTvUW5Op1XWZUe6KPGiXUyN-Xg_376BAL9960GqkYDQMSUPKClixN-asSLsRgZEDJW_QIyG67B05l4PX1gYbMKB4fwAZwzif:1vBUTq:Nd-CgO6dVChtFd0jV3kYCyC0mUapD9QMTbHtReBSwOg	2025-11-05 14:16:02.079518+05:30
qgyisnl1q7b56ncyllccku236jrjdxk9	.eJxVjEEOwiAQRe_C2hCQKQWX7nsGMjCDVA1NSrsy3l1JutDtf-_9lwi4byXsjdcwk7gI7cXpd4yYHlw7oTvW2yLTUrd1jrIr8qBNTgvx83q4fwcFW_nWLioyZMAZBY4HPUatEww-obJ5tEiYMPuciWPnOZ-tBgWaAJgNsXh_ABE2OMc:1vBUU5:uPlZMvZ1E1XWDd7dKx8ZoSL7Mn1Z42pHX7MhQL0cpkI	2025-11-05 14:16:17.64611+05:30
9xp6nukgmjwn8a111wthvjbuwg4tuijj	.eJxVjEEOwiAQRe_C2hA6DAVcuvcMZGCoVA0kpV0Z765NutDtf-_9lwi0rSVsPS9hZnEWoMTpd4yUHrnuhO9Ub02mVtdljnJX5EG7vDbOz8vh_h0U6uVbo2HKgzMwktKeKHsE4wfnePLJO9JAanLJYFZoEYhZpxETW6sVIETx_gD6ADei:1vBUU7:t-c7VMb5s1-laZr2w2oVYX7B_2U4GW1b-Vm8cejAsr8	2025-11-05 14:16:19.310711+05:30
9vly7sejpw20ugvfarvke1ia1icdcnia	.eJxVjMEOwiAQRP-FsyFAtrvi0bvfQBYWpGpoUtqT8d9tkx70Npn3Zt4q8LrUsPY8h1HURTmrTr9l5PTMbSfy4HafdJraMo9R74o-aNe3SfLrerh_B5V73daxIHgil_LgxKDxAIUIECNgduVMnDyJlCIRSQxskYhspsR2MJzU5wsFOziB:1vBUU7:6S9HPCzJ9L1aIZMV_WM8nw6sdUchJm6un1gJMY9cbSI	2025-11-05 14:16:19.41244+05:30
j1run082smfmvmp5c7o0uxfmcq86bzn4	.eJxVjDsOwjAQBe_iGlle43hjSvqcIdpfSAAlUj4V4u4QKQW0b2bey7W0rX27LTa3g7qLA3Sn35FJHjbuRO803iYv07jOA_td8QddfDOpPa-H-3fQ09J_66rkDljPYpJzyAkClYiinFAtdIXRkLSqNSGDQERkBaFoJUEsoXbvDxgSODk:1vBUUD:vbKWHSUa_JWZtMhLnXeFnBU9Awl0WVLfY6BIPut6z0U	2025-11-05 14:16:25.335194+05:30
sglxk56q8l0kmfur5faa4z7xskubysk9	.eJxVjMsOwiAQRf-FtSEwtGVw6d5vIDM8pGogKe3K-O_apAvd3nPOfQlP21r81tPi5yjOAow4_Y5M4ZHqTuKd6q3J0Oq6zCx3RR60y2uL6Xk53L-DQr18a8VRh4AWIHNGNC7ZcUwUjRow6YkdukATk0VAA2CMHjhnRo0cFbIS7w8O0DgL:1vBUUH:Z-KbnkIOBKnmOcc3v3a_sp1pmurNZbnPuOHk6y5WNkc	2025-11-05 14:16:29.954999+05:30
cadrpq4vlw3cblefmrzgmxg904ag11re	.eJxVjDsOAiEUAO9CbQh_eJb2noG8ByirBpJltzLe3ZBsoe3MZN4s4r7VuI-yxiWzM1OGnX4hYXqWNk1-YLt3nnrb1oX4TPhhB7_2XF6Xo_0bVBx1fkVQWSd0xiEFKM5LYbyS3moAYQ0FMsqCVtbYAuKmQTgBROBBUgmKfb7HxTY5:1vBUUI:xhf6RUrSaFfwSH3cyAd4N3WMyE7wYK8jHzJ965endI4	2025-11-05 14:16:30.310379+05:30
vycjdhfywhgu6vldds1ef5666f32zwui	.eJxVjMEOwiAQRP-FsyEtsBA8evcbyMIuUjWQlPbU-O-2SQ96nHlvZhMB16WEtfMcJhJXoUBcfsuI6cX1IPTE-mgytbrMU5SHIk_a5b0Rv2-n-3dQsJd97Ym0cyYTgR3BeuUNjHlAjxo4O2_UgJGzNmwQkfeADtg6ayxCylF8vgnbOJ8:1vBUUL:s3kox4djVIoxdQpJaOQP3s6R_Kwu1qZwTwBhh9wI38U	2025-11-05 14:16:33.339264+05:30
fv272aiqafh5g3436fiu0l8tj88ehra0	.eJxVjDsOwjAQBe_iGlkb4y8lfc5g7a5tHECOFCcV4u4QKQW0b2beS0Tc1hq3npc4JXERyorT70jIj9x2ku7YbrPkua3LRHJX5EG7HOeUn9fD_Tuo2Ou3BiAsbFBzUXwmH4pxAU1wAbxVA3nSlAwGh-TB6sHpzArYg9FJZ6XE-wMS8TfV:1vBUUQ:qh98c4lVzsC078BcoGmqWJ76mD1e8mxTpX7T6Jdy-ds	2025-11-05 14:16:38.181046+05:30
29yn1u91akag2gk5mfgdkhp98d858g16	.eJxVjsEOwiAQRP-FsyFSWKAevfsNZGG3UjWQlPZk_Hdp0oNe572ZzFsE3NYctsZLmElcxODE6TeMmJ5cdkIPLPcqUy3rMke5K_KgTd4q8et6uH8DGVvubY6aFNhJozVkJsteM3oApz25ZM7aMljDLnokNcQRELo7gjIWEPurzxcPDzfn:1vBUUQ:qGHT0Bbc1epeSDAsWckMia0GYlVmCeUo6XoKpE1isrU	2025-11-05 14:16:38.783969+05:30
nz7sqchawy45xw6kpqmdxzx2mn5g744l	.eJxVjEEOwiAQRe_C2hCBAQaX7nsGwsAgVdMmpV0Z765NutDtf-_9l4hpW1vcOi9xLOIiNIrT70gpP3jaSbmn6TbLPE_rMpLcFXnQLoe58PN6uH8HLfX2rRHJW4XKJ66O2ZVsz1y18RoCsSMOAY0lVAbAZQsEwRTAWnxmsDmJ9wcJozgv:1vBUUW:I4Tp-3XU2XdbT8_b6zkZGWajekKRtZX9BOfc3xxR_CA	2025-11-05 14:16:44.032612+05:30
nz3aeqejn9erobc0omjlr4epzdfxhw6q	.eJxVjEEOwiAQRe_C2hCgDBSX7nsGMjCjVA0kpV0Z765NutDtf-_9l4i4rSVunZc4kzgLE8Tpd0yYH1x3QnestyZzq-syJ7kr8qBdTo34eTncv4OCvXxri2QUJPKIQZN1oM2gQ84YyCljrbpCAiY2mZhHj9kZGIHYD2pgBBbvDxRVOI0:1vBUUZ:mGpX2UXRMDAFNODaIVazD8hVCXN0u51NUXbs5CurX4o	2025-11-05 14:16:47.157449+05:30
ta0az3sdpulnt11w3toosv7cxj9tsona	.eJxVjEEOwiAQRe_C2hBmppbi0n3P0DADSNVAUtqV8e7apAvd_vfef6nJb2uethaXaQ7qosio0-_IXh6x7CTcfblVLbWsy8x6V_RBmx5riM_r4f4dZN_yt3YJHBgYLDCJhWgDcUARE2lI1nTRcYdCAkPqGc-AATARoXRswPao3h_1qjda:1vBUUb:9gZkD-V3kGScYbExnD8RyvGTgtKVWbKLqeYRhfJAAJA	2025-11-05 14:16:49.703623+05:30
4izgu9wqsbnko9qoa7ywqjqi94vc2vgf	.eJxVjDsOwjAQBe_iGln-sRhKes5grXfXOIAcKU4qxN1JpBTQzsx7b5VwmWtaukxpYHVR3qrDL8xIT2mb4Qe2-6hpbPM0ZL0lerdd30aW13Vv_w4q9rquJfIpGmB_LuQMc3ACweYMUopDtBSAEI1km3EFEbxxRN5BIHMsltXnCywKOQA:1vBUUg:qVHgpJZEZyUY2MUlPGrvjjXl7Ebddjhs3dKWFgpFhfI	2025-11-05 14:16:54.146655+05:30
5b1wpn40e1ij8c0lamfh7kfchlgfqrlu	.eJxVjMsOwiAQRf-FtSHA8LAu3fcbyDADUjU0Ke3K-O_apAvd3nPOfYmI21rj1vMSJxYXAUacfseE9MhtJ3zHdpslzW1dpiR3RR60y3Hm_Lwe7t9BxV6_dXAOjVVQPDIoMowpe_Bh0BQKaVcGZflcmMAVbywAeAYdWCcOmKwW7w8DGTf4:1vBUUh:Q9g7eFiD6h7DGp6ElTH4_kQ9nzQ3yivGKZ08wtxLDLo	2025-11-05 14:16:55.259878+05:30
nxdatljmmku4tcytjf33vgfc9mlqb1q2	.eJxVjEEOwiAQRe_C2pBhhlJx6d4zkAGmUjU0Ke3KeHdD0oVu_3vvv1XgfSthb7KGOauLIqtOv2Pk9JTaSX5wvS86LXVb56i7og_a9G3J8roe7t9B4VZ6PRKCjc4yWAIviREoClEewDgmnOCcRy8iIMgZyKKdHKBBnwZDoj5f7qY3Sg:1vBUUk:IWJ9qU6174V6Zv51AW1XworW6CxFlioH3lGJsvOxpRk	2025-11-05 14:16:58.443091+05:30
jm2gwlcq1uho4v37faniaodra829r66r	.eJxVjDsOwjAQBe_iGln4b1PScwZrvbvBAeRIcVIh7k4ipYB2Zt57iwzrUvPaec4jiYswRpx-YQF8ctsNPaDdJ4lTW-axyD2Rh-3yNhG_rkf7d1Ch121dICqdvA0OjUpESMgMxlIYNqq0T7pEbQN4TqiUNoqd0xGtSy4NZyc-XwLMN1k:1vBUUk:tYsL-o_0kB-LIzBUdMwhQAssXgKaiJiS-mBc2FtSd_g	2025-11-05 14:16:58.443091+05:30
jriwscoajel7ha92rtubjqyovnoex7h7	.eJxVjEsOwiAUAO_C2hAov-LSfc9A3uOBVA0kpV0Z725IutDtzGTeLMCxl3D0tIWV2JUpyy6_ECE-Ux2GHlDvjcdW921FPhJ-2s6XRul1O9u_QYFexjcTqKy0RYEEBqUXQnjjo0QSjiArNzk02UeL0UTIk0I3J2vn5LTUgn2-IEc4YA:1vBUUp:oiAspeJgGE3fHggBMYr4UyrEWr-Z-qrhb1EWTD5p64I	2025-11-05 14:17:03.852525+05:30
h0g8rpy3s09vheaai434s33b522ij8j4	.eJxVjEEOwiAQRe_C2pAppUzr0r1nIDMwSNVAUtqV8e7apAvd_vfefylP25r91mTxc1Rn1aM6_Y5M4SFlJ_FO5VZ1qGVdZta7og_a9LVGeV4O9-8gU8vfWqwBgR6RSUAwSJRgJjem4Aw7g9gPAbhzaQIc3UCJGckx2GSjdIDq_QEa1Dho:1vBUUp:-tk4-m-CElDRKWBki-gHhtrIq6zaZ9XaN4GS0uGR_AY	2025-11-05 14:17:03.871779+05:30
0wegehj9k1puilxsq2vgh6dv554dhpkf	.eJxVjEsOAiEQBe_C2hBa5NMu3XsG0kAjowaSYWZlvLtOMgvdvqp6LxFoXWpYB89hyuIstBeH3zFSenDbSL5Tu3WZelvmKcpNkTsd8tozPy-7-3dQadRvbVmRsQAxI8eCUDJYNHTUNlNC1CVpPCmDEcBbGx0hE7BR3nlympV4fwAQKzfo:1vBUUr:g1hnRxqGM64t3J1HfBC0jCgJLTrmiaMZ07QdN0Eytco	2025-11-05 14:17:05.420632+05:30
44kcecrk5e0edqi704y5dll2cs33c58c	.eJxVjMsOwiAQRf-FtSE8C7h07zeQGRikaiAp7cr479qkC93ec859sQjbWuM2aIlzZmemAzv9jgjpQW0n-Q7t1nnqbV1m5LvCDzr4tWd6Xg7376DCqN-6KCe9EaBSQhmsxSmr4pXwloCCIQESVUHtHZXkMFtTtLaTBEdCySTZ-wMO8Tgr:1vBUUu:CBsQIE0GDhbkUZLJputDPq8l60NbxZiJ86wYilfKUKo	2025-11-05 14:17:08.089691+05:30
e3zpnhky1pog8qj841w8ed1d47ngzu6q	.eJxVjMEOwiAQBf-FsyEslAIevfsNZIFFqgaS0p6M_64kPej1zcx7MY_7VvzeafVLYmc2CXb6HQPGB9VB0h3rrfHY6rYugQ-FH7Tza0v0vBzu30HBXr61MohK21m7aIzKZJ0EY0IWAqNGSKCcBSCrJEjMgkzWAyHoRHGeFHt_AOz4N5Y:1vBUV0:1y84I9HiIaiMrJjTJgxyfuQjdw9UI6i7BS03SP7-ygY	2025-11-05 14:17:14.953624+05:30
r21y44uzobruq2do4v5nitit27ld4dl8	.eJxVjDsOwjAQBe_iGlnBf1PScwZr17vGAeRIcVIh7k4ipYD2zcx7iwTrUtPaeU4jiYvQVpx-R4T85LYTekC7TzJPbZlHlLsiD9rlbSJ-XQ_376BCr1utMqiM2p3Z-1KYTDTWsaMh-KiNMqZkAgyRcQhKZ4eEKkCwaDaDfBGfLxr9OHs:1vBUVA:GSLDJU6qKpcSFdUiep9FylVfs7lBPTfHN3sjcmHEvec	2025-11-05 14:17:24.234129+05:30
mey88eal5mbehqwc6glorb2fj8inlimh	.eJxVjDsOwjAQBe_iGln-Zgklfc5grXdtHEC2FCcV4u4QKQW0b2beSwTc1hK2npYws7gIZ8Xpd4xIj1R3wnestyap1XWZo9wVedAup8bpeT3cv4OCvXxr6y2oTCa6PDqXvPHIZyRQERUqPTB7VkDRojMjmGQH1ojaEmTw2WXx_gAJojhP:1vBUVK:bf9AoDzIr6pGe3AriWgv7TmLiwp-kZtlvNdQui521Q4	2025-11-05 14:17:34.329895+05:30
3jd23vaag0pywzmuj2xwt6xxsmwth0k3	.eJxVjDsOwjAQBe_iGln476WkzxmsXa9NAsiW8qkQd4dIKaB9M_NeIuG2jmlbypwmFhdhrTj9joT5UdpO-I7t1mXubZ0nkrsiD7rIoXN5Xg_372DEZfzWFVCDMaRrUNEEMOiycZYAmEFbZ0EBn6OJHtCDRV-psPYq51ACURXvD-p6N88:1vBUVO:EcA0LxT4AqkH8b2RBbw_iRdfdP73GkyqGmSWNJBivaU	2025-11-05 14:17:38.263973+05:30
yeyury0xr5d1xulhetqe4f77ui7ifljb	.eJxVjMEOwiAQRP-FsyEgXSgevfsNZBcWqRpISnsy_rtt0oPOcd6beYuA61LC2nkOUxIXMYA4_ZaE8cl1J-mB9d5kbHWZJ5K7Ig_a5a0lfl0P9--gYC_bml3OkUZLdPbeoXHRKjVYvYWcNwyMxowIPnmfyNloABDIKVaadWbx-QIM0zgS:1vBUVR:cK0iPA9fsTdjuSGgnZUAOdHFVn9cUpERx74k0HyDCwo	2025-11-05 14:17:41.177065+05:30
ccukazioiae6pvokzeaao823pk6q2del	.eJxVjMsOwiAQRf-FtSFAGR4u3fsNZGBAqgaS0q6M_65NutDtPefcFwu4rTVsIy9hJnZm2rDT7xgxPXLbCd2x3TpPva3LHPmu8IMOfu2Un5fD_TuoOOq3nkCjtEpEJwoAGnTeWIjJoQbjyIIB4WUS5J1MNBWhPGnSk8eSMijN3h_jXjdW:1vBUVf:z49_zzhGPjbDh2Rku6iEYpFa_c5Aa2aUtthKW1lttlw	2025-11-05 14:17:55.999237+05:30
i9545cmxhc0z0xjlm3snlq03jnzl93ys	.eJxVjDkOwjAURO_iGlnevhdK-pzB8vKNA8iR4qRC3B1HSgHlzHszb-LDvlW_d1z9nMmVKEMuv2UM6YntIPkR2n2haWnbOkd6KPSknU5LxtftdP8Oauh1rLlUESHpVKDYEBUHLEUKW8wIzDhpmYIIyiUUhmsugDkcUOqsC2hOPl8QJTe4:1vBUVg:v0Rk6myxApSi38rEYRsUMWcdBnW3gjeaJ15i_M8-A9c	2025-11-05 14:17:56.902834+05:30
sk9elaa46hzmwyziaqoqygwr205o2opt	.eJxVjEEOwiAQRe_C2hBoBxhcuvcMZICpVA0kpV0Z765NutDtf-_9lwi0rSVsnZcwZ3EWgOL0O0ZKD647yXeqtyZTq-syR7kr8qBdXlvm5-Vw_w4K9fKtTdIDxDFTwuQRSVlno052nJDAKTM6BYb8wOhBKxUnUOiAMzKTzV6L9wf2yTeD:1vBUVp:2GXk6aHdskLIUs-LQPxNY4wzOloqLs3fNUJsCDuv530	2025-11-05 14:18:05.611229+05:30
gjml3y5vseyeial5qnivf2etn7hbwxg6	.eJxVjE0OgjAYRO_StWmgLS116Z4zkO8Pi5o2obAy3l1IWOhmFvPezFuNsK1p3Kos48zqqlxUl98SgZ6SD8IPyPeiqeR1mVEfij5p1UNhed1O9-8gQU37GkVkioQdmWhN7BxyP5kmBt86h-AJyfm2tR6aYKeOexECw3sEipad-nwBK8c5AA:1vBUW5:DmMiqT0oAzkmUSeMbwMzFdY0iK2AmlLhdtavmAQ5lg8	2025-11-05 14:18:21.71429+05:30
dtz0t074wkpgufwgmhk93x1he0lekxnf	.eJxVjMsOwiAQRf-FtSHAlJdL934DGRiQqoGktCvjv2uTLnR7zzn3xQJuaw3byEuYiZ2ZFuz0O0ZMj9x2Qndst85Tb-syR74r_KCDXzvl5-Vw_w4qjvqtrUAbPSAk74oBWSSVyQI4PYFGEhaQTNTelqSkUDaKlEhDLiobJV1h7w_48jfU:1vBUWB:d1twCF_oIs6chFa7TwjKeHeq81vLF3U6cwHpn0rPoa0	2025-11-05 14:18:27.691369+05:30
132i97bdl3nj132yru5txe30b3icio5k	.eJxVjMEOwiAQRP-FsyFAEVqP3v0Gsiy7UjWQlPZk_Hdp0oMeZ96beYsA25rD1mgJcxIXcTbi9FtGwCeVnaQHlHuVWMu6zFHuijxok7ea6HU93L-DDC339eidRqtdMsp5SwoVoZ_swDwhmISjiZZpAEc6Yk-dEvFgGBVox1p8vg89OPA:1vBUWX:wwJqBEnhfzPaXPcOCDHYzjxU-CMzupCtp_41R2-usrU	2025-11-05 14:18:49.409997+05:30
uq15jzoi52853uxrjt28pxhd1fvml5xs	.eJxVjE0OwiAYBe_C2hBoAcGle89Avh8qVQNJaVfGu1uSLnQ7M--9RYRtzXFraYkzi4uwozj9QgR6ptINP6Dcq6Ra1mVG2RN52CZvldPrerR_Bxla3tcwBO0YHYPX6B0qImMRp6QQLSkEPZhzcGkc0XfoJrSG9U5tYDJafL4rHTis:1vBUWp:8jAS_QArtVoOFARayIEqk9V3DLa2h1i6xdkoWQTRnqg	2025-11-05 14:19:07.597401+05:30
3r8kf2mvt2zijnc0imhdb6eygtb7tjpq	.eJxVjEEOwiAQRe_C2hA6A7S4dO8ZyDAMUjVtUtqV8e7apAvd_vfef6lI21rj1mSJY1Zn5aw6_Y6J-CHTTvKdptuseZ7WZUx6V_RBm77OWZ6Xw_07qNTqt0YaEADEiw8IpXQ4kHMgxQCbIsJsE3khFPCG-1AyIPTBGrQdBxvU-wMI-TfV:1vBUYB:eoxcbA5YEqLkPSFzhxtEd-3ui-PKPbNeGFSJo-RY7q4	2025-11-05 14:20:31.749438+05:30
tud4rsdlsftelrymv2p7msv6wn2op0ni	.eJxVjM0OwiAQhN-FsyHys7jx6N1nICwLUjWQlPbU-O7SpAe9zcw3M5vwYV2KX3ua_cTiKgDE6TekEF-p7oSfoT6ajK0u80Ryr8iDdnlvnN63o_t3UEIvY22VCzZDvjhE5piBLBChMjESakzWKkxnJuPYDQVuGKN1MAioMyTx-QIT0jgX:1vBUYQ:bgRkyxJW3YI3QAvJVXNm2F-Pm4T4RpSPjw0TlvCE2eQ	2025-11-05 14:20:46.162157+05:30
o7zheopsl63qxsxeq3ggjmfa9bnz2em2	.eJxVjMEOwiAQRP-FsyEF1gU8eu83kC27StXQpLQn47_bJj3obTLvzbxVonUpaW0yp5HVRZ1RnX7LgfJT6k74QfU-6TzVZR4HvSv6oE33E8vrerh_B4Va2dbA0YGPKBgIBSQaCOLQWy8e2GbALWOwnQPsLJDBDLfovFhBzwbV5wvWqDaC:1vBUZc:seavwqLZCGd7SS-BTSiUDQ4N9-dNuhYimUnbt55qfp4	2025-11-05 14:22:00.352136+05:30
cbvbubgjss3nnirsdk8crlnlftzzvk2w	.eJxVjMEOwiAQRP-FsyFgywIevfsNZJcFqRpISnsy_rtt0oPeJvPezFsEXJcS1p7mMLG4CGPF6bckjM9Ud8IPrPcmY6vLPJHcFXnQLm-N0-t6uH8HBXvZ1tYazVmrgYBHD0lpAMdKWXIGrGFjB4MZIEY-0wioE4H33mHaYmYUny_txTgc:1vBUZf:tf9xqG7TLkNFeyNWChTuQr44LwoxMGKSox5UTseyngg	2025-11-05 14:22:03.65083+05:30
ytu5vc36qkvwtnfnc8y5uwq35tno73vs	.eJxVjEEOwiAQRe_C2hCgDAWX7nsGMjCjVA0kpV0Z765NutDtf-_9l4i4rSVunZc4kzgL8OL0OybMD647oTvWW5O51XWZk9wVedAup0b8vBzu30HBXr71qKz2rEwGw-i0TdkCEiVybhi8hoHBebpqZ8Cg8WxpDKyBk7IBfLDi_QH3LzdS:1vBUZk:O4GBjbnJ6Xn41YeKnnqDF3alftAyWi1DFDMyI606xaE	2025-11-05 14:22:08.673915+05:30
jp5hnza3c084gt3ls1ptnugxfaaztasa	.eJxVjDsOwjAQBe_iGlnefNeU9DmDtT9wACVSnFSIu0OkFNC-mXkvl2hbc9qKLWlUd3ZdcKffkUkeNu1E7zTdZi_ztC4j-13xBy1-mNWel8P9O8hU8reOQcS0D3VvUesWAIUlYgVMGFpsOlA2risBRIIY1LDh7koNYBtjJe79AQedN9w:1vBUaJ:7ntAEREtlj79oFvucd6vAadyxhVKN9gWq_TE3GTwk2A	2025-11-05 14:22:43.299864+05:30
b3xs88y7q6a0zal55t4buo7be4m2mgwg	.eJxVzMEOwiAQBNB_4WwIZbEUj979BrILi1QNJKU9Gf9dmvSg15k38xYetzX7rfHi5yguYhzE6TckDE8uexMfWO5VhlrWZSa5E3m0Td5q5Nf1sH8HGVvua5eMjmdMbDkhI_DkKLKiCRSQToMlpZVlE7pAhwaYbQgGxtC90yA-X0TIOYg:1vBUcn:nxTzJylIsBDkhk38eMKjRt7VlJOQ0AiFlWYj0ZJwKI4	2025-11-05 14:25:17.976862+05:30
xpleax0ekvt645sbnxbar41xs7ynb5so	.eJxVjEEOwiAQRe_C2hBFmGFcuu8ZmoEBqRpISrsy3l2bdKHb_977LzXyupRx7WkeJ1EXBUYdfsfA8ZHqRuTO9dZ0bHWZp6A3Re-066FJel539--gcC_f2viULUsMmMHEEwECAYj1wgSSEjuwDu0RM_qIhpgMiiEnEuAcAqn3BxUIODs:1vBUed:HqZ-UCXZVdiPaWwyMpwHb7OA9iFHIyeDVr9MU-IR-Nc	2025-11-05 14:27:11.31412+05:30
ct5ecqp76awkrd84zm1e0qkgxxs8vmqp	.eJxVjDsOwyAQBe9CHSHALJiU6X0Ga2HZ4CQCyZ8qyt1jSy6S9s3Me4sRt7WM25LncSJxFRDE5XeMmJ65HoQeWO9NplbXeYryUORJFzk0yq_b6f4dFFzKXjsw2jJbhtgzhs4GqxUhKMrsTI475-hUR-RA6-SDZwMQAD1CH0mJzxcH7Dfn:1vBUoN:HYNWb9UIcjr8GNojg31zrz0bNNLwEAbvj7ZV4B248ow	2025-11-05 14:37:15.364665+05:30
poqtl7xvrc9y87w2bxhy8awf4ugkcgxw	.eJxVjDsOwjAQBe_iGlmQtbM2JT1nsLyf4ACKpTipEHeHSCmgfTPzXibldSlpbTqnUczZ9GAOvyNlfui0Ebnn6VYt12mZR7KbYnfa7LWKPi-7-3dQcivfOgSlCKDMUY6MnR86hw6iRqddJkD0CjQIILssJ2LWnrz4wEKo6Mz7Ax6HOQ8:1vBUqW:0W3Av8B3DKIHgC6OL47qrG5qZ_gr54wD4ivCCRXt_bk	2025-11-05 14:39:28.642306+05:30
3ckk5zzm9t8hodmo3mafa3jddy8z7k0l	.eJxVjDsOwjAQBe_iGlnyJ2ubkp4zROvdNQ4gW8qnQtwdIqWA9s3Me6kRt7WO2yLzOLE6Kwjq9DtmpIe0nfAd261r6m2dp6x3RR900dfO8rwc7t9BxaV-6wTOO4qFQ5ZoDRAmKRatpwGkBEvOkhEUiMkLl0HQEnKK4tgkA6DeHyWUOOM:1vBVIa:Yh35oNbUD4QZGVJpLsw2bRRU683xtKu3arDR_oDPJ4w	2025-11-05 15:08:28.225076+05:30
aux5o00mtdpetflza2qccawnvyaji5fv	.eJxVjEEOwiAQRe_C2hCgDAWX7nsGMjCjVA0kpV0Z765NutDtf-_9l4i4rSVunZc4kzgL8OL0OybMD647oTvWW5O51XWZk9wVedAup0b8vBzu30HBXr71qKz2rEwGw-i0TdkCEiVybhi8hoHBebpqZ8Cg8WxpDKyBk7IBfLDi_QH3LzdS:1vBVU2:kkeCfx2cT1SaVcU2J00umtLLywtwblGUdYDNFzR_ozo	2025-11-05 15:20:18.489556+05:30
xy693nwmmoj3eeocgebn6dfawqiwssmy	.eJxVjDsOwjAQBe_iGlm2V_5R0nMGa9de4wBKpDipIu5OIqWA9s3M20TCdWlp7TynoYircEFcfkfC_OLxIOWJ42OSeRqXeSB5KPKkXd6nwu_b6f4dNOxtrw0D1IgEXmtTA9pQCayqTL56HzGCIjY2owWvdInRcaiZMjmEvTHi8wUT8jhD:1vBVUE:rP2k3CQV8XWyHpf8dbneBKwX1ole43KJg65-GCs6f6U	2025-11-05 15:20:30.844099+05:30
ruap82vzs1qx4ynaag1zwbzuybm0vda2	.eJxVjM0OwiAQhN-FsyEgP1s9eu8zkF1gpWogKe3J-O62SQ96m8z3zbxFwHUpYe15DlMSV6G9OP2WhPGZ607SA-u9ydjqMk8kd0UetMuxpfy6He7fQcFetrU3AE4byglAe71lRGcZWLE37KwydGa-ROciOWuVB6LBZlbRZxgii88X7Lw35g:1vBVWV:ZRvo2NgHGRoZmlViMr0ES8bEgLOn_GNbaov2E2WfPBE	2025-11-05 15:22:51.577784+05:30
wpa16ktib1kyx836pfjwq76976n1q4b4	.eJxVjDsOwjAQBe_iGlnGf1PScwZr17vBAeRIcVIh7k4ipYD2zcx7iwzrUvPaec4jiYvw4vS7IZQntx3QA9p9kmVqyzyi3BV50C5vE_Hrerh_BxV63WqMihO7qD0aDKUkCyYkSCYqTYP3wTEoJlJ-sFYba2M6g3MqbH5Bp8XnC91JN1E:1vBVYb:RXmWk-8wIXTFz_qlIuvY1vruOVnKG8mSqzV7MTrbwec	2025-11-05 15:25:01.990883+05:30
trgy1kvm0nq5vljrs23xq79dgoa4f701	.eJxVjDsOwjAQBe_iGln4b1PScwZrvbvBAeRIcVIh7k4ipYB2Zt57iwzrUvPaec4jiYswRpx-YQF8ctsNPaDdJ4lTW-axyD2Rh-3yNhG_rkf7d1Ch121dICqdvA0OjUpESMgMxlIYNqq0T7pEbQN4TqiUNoqd0xGtSy4NZyc-XwLMN1k:1vBVol:8DXoHHefRQdWxKwS_lPniV5J7cQvvnT1nPTgnNiVVyE	2025-11-05 15:41:43.108226+05:30
rkf3zivsozrzwgd8p8auhwkqvabal5e7	.eJxVjEsOwjAMBe-SNYriNnVqluw5Q-U4DimgVOpnhbg7VOoCtm9m3ssMvK1l2BadhzGZs2nM6XeLLA-tO0h3rrfJylTXeYx2V-xBF3udkj4vh_t3UHgp37pFyb0wAWIMnnPfBtCOIahmIEX0HiE5ggDcC3U-SudYHBFl13A27w_fNzey:1urAmP:kIsSNH-DYWB90khUnZjelkr0ptttxlEIscI9g8L5VaM	2025-09-10 13:11:13.617194+05:30
\.


--
-- TOC entry 5359 (class 0 OID 0)
-- Dependencies: 225
-- Name: auth_group_id_seq; Type: SEQUENCE SET; Schema: public; Owner: postgres
--

SELECT pg_catalog.setval('public.auth_group_id_seq', 1, false);


--
-- TOC entry 5360 (class 0 OID 0)
-- Dependencies: 227
-- Name: auth_group_permissions_id_seq; Type: SEQUENCE SET; Schema: public; Owner: postgres
--

SELECT pg_catalog.setval('public.auth_group_permissions_id_seq', 1, false);


--
-- TOC entry 5361 (class 0 OID 0)
-- Dependencies: 223
-- Name: auth_permission_id_seq; Type: SEQUENCE SET; Schema: public; Owner: postgres
--

SELECT pg_catalog.setval('public.auth_permission_id_seq', 100, true);


--
-- TOC entry 5362 (class 0 OID 0)
-- Dependencies: 231
-- Name: auth_user_groups_id_seq; Type: SEQUENCE SET; Schema: public; Owner: postgres
--

SELECT pg_catalog.setval('public.auth_user_groups_id_seq', 1, false);


--
-- TOC entry 5363 (class 0 OID 0)
-- Dependencies: 229
-- Name: auth_user_id_seq; Type: SEQUENCE SET; Schema: public; Owner: postgres
--

SELECT pg_catalog.setval('public.auth_user_id_seq', 68, true);


--
-- TOC entry 5364 (class 0 OID 0)
-- Dependencies: 233
-- Name: auth_user_user_permissions_id_seq; Type: SEQUENCE SET; Schema: public; Owner: postgres
--

SELECT pg_catalog.setval('public.auth_user_user_permissions_id_seq', 1, false);


--
-- TOC entry 5365 (class 0 OID 0)
-- Dependencies: 255
-- Name: codingapp_assessment_groups_id_seq; Type: SEQUENCE SET; Schema: public; Owner: postgres
--

SELECT pg_catalog.setval('public.codingapp_assessment_groups_id_seq', 5, true);


--
-- TOC entry 5366 (class 0 OID 0)
-- Dependencies: 243
-- Name: codingapp_assessment_id_seq; Type: SEQUENCE SET; Schema: public; Owner: postgres
--

SELECT pg_catalog.setval('public.codingapp_assessment_id_seq', 4, true);


--
-- TOC entry 5367 (class 0 OID 0)
-- Dependencies: 245
-- Name: codingapp_assessmentquestion_id_seq; Type: SEQUENCE SET; Schema: public; Owner: postgres
--

SELECT pg_catalog.setval('public.codingapp_assessmentquestion_id_seq', 52, true);


--
-- TOC entry 5368 (class 0 OID 0)
-- Dependencies: 249
-- Name: codingapp_assessmentsession_id_seq; Type: SEQUENCE SET; Schema: public; Owner: postgres
--

SELECT pg_catalog.setval('public.codingapp_assessmentsession_id_seq', 63, true);


--
-- TOC entry 5369 (class 0 OID 0)
-- Dependencies: 247
-- Name: codingapp_assessmentsubmission_id_seq; Type: SEQUENCE SET; Schema: public; Owner: postgres
--

SELECT pg_catalog.setval('public.codingapp_assessmentsubmission_id_seq', 187, true);


--
-- TOC entry 5370 (class 0 OID 0)
-- Dependencies: 277
-- Name: codingapp_course_groups_id_seq; Type: SEQUENCE SET; Schema: public; Owner: postgres
--

SELECT pg_catalog.setval('public.codingapp_course_groups_id_seq', 1, false);


--
-- TOC entry 5371 (class 0 OID 0)
-- Dependencies: 275
-- Name: codingapp_course_id_seq; Type: SEQUENCE SET; Schema: public; Owner: postgres
--

SELECT pg_catalog.setval('public.codingapp_course_id_seq', 1, false);


--
-- TOC entry 5372 (class 0 OID 0)
-- Dependencies: 279
-- Name: codingapp_coursecontent_id_seq; Type: SEQUENCE SET; Schema: public; Owner: postgres
--

SELECT pg_catalog.setval('public.codingapp_coursecontent_id_seq', 1, false);


--
-- TOC entry 5373 (class 0 OID 0)
-- Dependencies: 251
-- Name: codingapp_group_id_seq; Type: SEQUENCE SET; Schema: public; Owner: postgres
--

SELECT pg_catalog.setval('public.codingapp_group_id_seq', 1, true);


--
-- TOC entry 5374 (class 0 OID 0)
-- Dependencies: 253
-- Name: codingapp_group_students_id_seq; Type: SEQUENCE SET; Schema: public; Owner: postgres
--

SELECT pg_catalog.setval('public.codingapp_group_students_id_seq', 64, true);


--
-- TOC entry 5375 (class 0 OID 0)
-- Dependencies: 257
-- Name: codingapp_module_groups_id_seq; Type: SEQUENCE SET; Schema: public; Owner: postgres
--

SELECT pg_catalog.setval('public.codingapp_module_groups_id_seq', 1, false);


--
-- TOC entry 5376 (class 0 OID 0)
-- Dependencies: 237
-- Name: codingapp_module_id_seq; Type: SEQUENCE SET; Schema: public; Owner: postgres
--

SELECT pg_catalog.setval('public.codingapp_module_id_seq', 2, true);


--
-- TOC entry 5377 (class 0 OID 0)
-- Dependencies: 283
-- Name: codingapp_modulecompletion_id_seq; Type: SEQUENCE SET; Schema: public; Owner: postgres
--

SELECT pg_catalog.setval('public.codingapp_modulecompletion_id_seq', 1, true);


--
-- TOC entry 5378 (class 0 OID 0)
-- Dependencies: 269
-- Name: codingapp_note_id_seq; Type: SEQUENCE SET; Schema: public; Owner: postgres
--

SELECT pg_catalog.setval('public.codingapp_note_id_seq', 1, false);


--
-- TOC entry 5379 (class 0 OID 0)
-- Dependencies: 271
-- Name: codingapp_notice_id_seq; Type: SEQUENCE SET; Schema: public; Owner: postgres
--

SELECT pg_catalog.setval('public.codingapp_notice_id_seq', 1, false);


--
-- TOC entry 5380 (class 0 OID 0)
-- Dependencies: 273
-- Name: codingapp_noticereadstatus_id_seq; Type: SEQUENCE SET; Schema: public; Owner: postgres
--

SELECT pg_catalog.setval('public.codingapp_noticereadstatus_id_seq', 1, false);


--
-- TOC entry 5381 (class 0 OID 0)
-- Dependencies: 239
-- Name: codingapp_question_id_seq; Type: SEQUENCE SET; Schema: public; Owner: postgres
--

SELECT pg_catalog.setval('public.codingapp_question_id_seq', 4, true);


--
-- TOC entry 5382 (class 0 OID 0)
-- Dependencies: 261
-- Name: codingapp_quiz_id_seq; Type: SEQUENCE SET; Schema: public; Owner: postgres
--

SELECT pg_catalog.setval('public.codingapp_quiz_id_seq', 1, false);


--
-- TOC entry 5383 (class 0 OID 0)
-- Dependencies: 263
-- Name: codingapp_quiz_questions_id_seq; Type: SEQUENCE SET; Schema: public; Owner: postgres
--

SELECT pg_catalog.setval('public.codingapp_quiz_questions_id_seq', 1, false);


--
-- TOC entry 5384 (class 0 OID 0)
-- Dependencies: 267
-- Name: codingapp_quizanswer_id_seq; Type: SEQUENCE SET; Schema: public; Owner: postgres
--

SELECT pg_catalog.setval('public.codingapp_quizanswer_id_seq', 1, false);


--
-- TOC entry 5385 (class 0 OID 0)
-- Dependencies: 265
-- Name: codingapp_quizsubmission_id_seq; Type: SEQUENCE SET; Schema: public; Owner: postgres
--

SELECT pg_catalog.setval('public.codingapp_quizsubmission_id_seq', 1, false);


--
-- TOC entry 5386 (class 0 OID 0)
-- Dependencies: 281
-- Name: codingapp_studentperformance_id_seq; Type: SEQUENCE SET; Schema: public; Owner: postgres
--

SELECT pg_catalog.setval('public.codingapp_studentperformance_id_seq', 1, false);


--
-- TOC entry 5387 (class 0 OID 0)
-- Dependencies: 241
-- Name: codingapp_submission_id_seq; Type: SEQUENCE SET; Schema: public; Owner: postgres
--

SELECT pg_catalog.setval('public.codingapp_submission_id_seq', 5, true);


--
-- TOC entry 5388 (class 0 OID 0)
-- Dependencies: 259
-- Name: codingapp_userprofile_id_seq; Type: SEQUENCE SET; Schema: public; Owner: postgres
--

SELECT pg_catalog.setval('public.codingapp_userprofile_id_seq', 68, true);


--
-- TOC entry 5389 (class 0 OID 0)
-- Dependencies: 235
-- Name: django_admin_log_id_seq; Type: SEQUENCE SET; Schema: public; Owner: postgres
--

SELECT pg_catalog.setval('public.django_admin_log_id_seq', 1, false);


--
-- TOC entry 5390 (class 0 OID 0)
-- Dependencies: 221
-- Name: django_content_type_id_seq; Type: SEQUENCE SET; Schema: public; Owner: postgres
--

SELECT pg_catalog.setval('public.django_content_type_id_seq', 25, true);


--
-- TOC entry 5391 (class 0 OID 0)
-- Dependencies: 219
-- Name: django_migrations_id_seq; Type: SEQUENCE SET; Schema: public; Owner: postgres
--

SELECT pg_catalog.setval('public.django_migrations_id_seq', 39, true);


--
-- TOC entry 4937 (class 2606 OID 16568)
-- Name: auth_group auth_group_name_key; Type: CONSTRAINT; Schema: public; Owner: postgres
--

ALTER TABLE ONLY public.auth_group
    ADD CONSTRAINT auth_group_name_key UNIQUE (name);


--
-- TOC entry 4942 (class 2606 OID 16489)
-- Name: auth_group_permissions auth_group_permissions_group_id_permission_id_0cd325b0_uniq; Type: CONSTRAINT; Schema: public; Owner: postgres
--

ALTER TABLE ONLY public.auth_group_permissions
    ADD CONSTRAINT auth_group_permissions_group_id_permission_id_0cd325b0_uniq UNIQUE (group_id, permission_id);


--
-- TOC entry 4945 (class 2606 OID 16441)
-- Name: auth_group_permissions auth_group_permissions_pkey; Type: CONSTRAINT; Schema: public; Owner: postgres
--

ALTER TABLE ONLY public.auth_group_permissions
    ADD CONSTRAINT auth_group_permissions_pkey PRIMARY KEY (id);


--
-- TOC entry 4939 (class 2606 OID 16430)
-- Name: auth_group auth_group_pkey; Type: CONSTRAINT; Schema: public; Owner: postgres
--

ALTER TABLE ONLY public.auth_group
    ADD CONSTRAINT auth_group_pkey PRIMARY KEY (id);


--
-- TOC entry 4932 (class 2606 OID 16480)
-- Name: auth_permission auth_permission_content_type_id_codename_01ab375a_uniq; Type: CONSTRAINT; Schema: public; Owner: postgres
--

ALTER TABLE ONLY public.auth_permission
    ADD CONSTRAINT auth_permission_content_type_id_codename_01ab375a_uniq UNIQUE (content_type_id, codename);


--
-- TOC entry 4934 (class 2606 OID 16422)
-- Name: auth_permission auth_permission_pkey; Type: CONSTRAINT; Schema: public; Owner: postgres
--

ALTER TABLE ONLY public.auth_permission
    ADD CONSTRAINT auth_permission_pkey PRIMARY KEY (id);


--
-- TOC entry 4953 (class 2606 OID 16469)
-- Name: auth_user_groups auth_user_groups_pkey; Type: CONSTRAINT; Schema: public; Owner: postgres
--

ALTER TABLE ONLY public.auth_user_groups
    ADD CONSTRAINT auth_user_groups_pkey PRIMARY KEY (id);


--
-- TOC entry 4956 (class 2606 OID 16504)
-- Name: auth_user_groups auth_user_groups_user_id_group_id_94350c0c_uniq; Type: CONSTRAINT; Schema: public; Owner: postgres
--

ALTER TABLE ONLY public.auth_user_groups
    ADD CONSTRAINT auth_user_groups_user_id_group_id_94350c0c_uniq UNIQUE (user_id, group_id);


--
-- TOC entry 4947 (class 2606 OID 16458)
-- Name: auth_user auth_user_pkey; Type: CONSTRAINT; Schema: public; Owner: postgres
--

ALTER TABLE ONLY public.auth_user
    ADD CONSTRAINT auth_user_pkey PRIMARY KEY (id);


--
-- TOC entry 4959 (class 2606 OID 16478)
-- Name: auth_user_user_permissions auth_user_user_permissions_pkey; Type: CONSTRAINT; Schema: public; Owner: postgres
--

ALTER TABLE ONLY public.auth_user_user_permissions
    ADD CONSTRAINT auth_user_user_permissions_pkey PRIMARY KEY (id);


--
-- TOC entry 4962 (class 2606 OID 16518)
-- Name: auth_user_user_permissions auth_user_user_permissions_user_id_permission_id_14a6b632_uniq; Type: CONSTRAINT; Schema: public; Owner: postgres
--

ALTER TABLE ONLY public.auth_user_user_permissions
    ADD CONSTRAINT auth_user_user_permissions_user_id_permission_id_14a6b632_uniq UNIQUE (user_id, permission_id);


--
-- TOC entry 4950 (class 2606 OID 16561)
-- Name: auth_user auth_user_username_key; Type: CONSTRAINT; Schema: public; Owner: postgres
--

ALTER TABLE ONLY public.auth_user
    ADD CONSTRAINT auth_user_username_key UNIQUE (username);


--
-- TOC entry 5018 (class 2606 OID 16833)
-- Name: codingapp_assessment_groups codingapp_assessment_gro_assessment_id_group_id_46272d65_uniq; Type: CONSTRAINT; Schema: public; Owner: postgres
--

ALTER TABLE ONLY public.codingapp_assessment_groups
    ADD CONSTRAINT codingapp_assessment_gro_assessment_id_group_id_46272d65_uniq UNIQUE (assessment_id, group_id);


--
-- TOC entry 5022 (class 2606 OID 16822)
-- Name: codingapp_assessment_groups codingapp_assessment_groups_pkey; Type: CONSTRAINT; Schema: public; Owner: postgres
--

ALTER TABLE ONLY public.codingapp_assessment_groups
    ADD CONSTRAINT codingapp_assessment_groups_pkey PRIMARY KEY (id);


--
-- TOC entry 4985 (class 2606 OID 16650)
-- Name: codingapp_assessment codingapp_assessment_pkey; Type: CONSTRAINT; Schema: public; Owner: postgres
--

ALTER TABLE ONLY public.codingapp_assessment
    ADD CONSTRAINT codingapp_assessment_pkey PRIMARY KEY (id);


--
-- TOC entry 4988 (class 2606 OID 16677)
-- Name: codingapp_assessmentquestion codingapp_assessmentques_assessment_id_question_i_1326174c_uniq; Type: CONSTRAINT; Schema: public; Owner: postgres
--

ALTER TABLE ONLY public.codingapp_assessmentquestion
    ADD CONSTRAINT codingapp_assessmentques_assessment_id_question_i_1326174c_uniq UNIQUE (assessment_id, question_id);


--
-- TOC entry 4991 (class 2606 OID 16659)
-- Name: codingapp_assessmentquestion codingapp_assessmentquestion_pkey; Type: CONSTRAINT; Schema: public; Owner: postgres
--

ALTER TABLE ONLY public.codingapp_assessmentquestion
    ADD CONSTRAINT codingapp_assessmentquestion_pkey PRIMARY KEY (id);


--
-- TOC entry 5002 (class 2606 OID 16719)
-- Name: codingapp_assessmentsession codingapp_assessmentsession_pkey; Type: CONSTRAINT; Schema: public; Owner: postgres
--

ALTER TABLE ONLY public.codingapp_assessmentsession
    ADD CONSTRAINT codingapp_assessmentsession_pkey PRIMARY KEY (id);


--
-- TOC entry 5004 (class 2606 OID 16721)
-- Name: codingapp_assessmentsession codingapp_assessmentsession_user_id_assessment_id_761981c9_uniq; Type: CONSTRAINT; Schema: public; Owner: postgres
--

ALTER TABLE ONLY public.codingapp_assessmentsession
    ADD CONSTRAINT codingapp_assessmentsession_user_id_assessment_id_761981c9_uniq UNIQUE (user_id, assessment_id);


--
-- TOC entry 4994 (class 2606 OID 16691)
-- Name: codingapp_assessmentsubmission codingapp_assessmentsubm_assessment_id_question_i_fe03cda8_uniq; Type: CONSTRAINT; Schema: public; Owner: postgres
--

ALTER TABLE ONLY public.codingapp_assessmentsubmission
    ADD CONSTRAINT codingapp_assessmentsubm_assessment_id_question_i_fe03cda8_uniq UNIQUE (assessment_id, question_id, user_id);


--
-- TOC entry 4997 (class 2606 OID 16675)
-- Name: codingapp_assessmentsubmission codingapp_assessmentsubmission_pkey; Type: CONSTRAINT; Schema: public; Owner: postgres
--

ALTER TABLE ONLY public.codingapp_assessmentsubmission
    ADD CONSTRAINT codingapp_assessmentsubmission_pkey PRIMARY KEY (id);


--
-- TOC entry 5069 (class 2606 OID 17100)
-- Name: codingapp_course_groups codingapp_course_groups_course_id_group_id_cfc3cbc8_uniq; Type: CONSTRAINT; Schema: public; Owner: postgres
--

ALTER TABLE ONLY public.codingapp_course_groups
    ADD CONSTRAINT codingapp_course_groups_course_id_group_id_cfc3cbc8_uniq UNIQUE (course_id, group_id);


--
-- TOC entry 5072 (class 2606 OID 17078)
-- Name: codingapp_course_groups codingapp_course_groups_pkey; Type: CONSTRAINT; Schema: public; Owner: postgres
--

ALTER TABLE ONLY public.codingapp_course_groups
    ADD CONSTRAINT codingapp_course_groups_pkey PRIMARY KEY (id);


--
-- TOC entry 5066 (class 2606 OID 17069)
-- Name: codingapp_course codingapp_course_pkey; Type: CONSTRAINT; Schema: public; Owner: postgres
--

ALTER TABLE ONLY public.codingapp_course
    ADD CONSTRAINT codingapp_course_pkey PRIMARY KEY (id);


--
-- TOC entry 5075 (class 2606 OID 17092)
-- Name: codingapp_coursecontent codingapp_coursecontent_pkey; Type: CONSTRAINT; Schema: public; Owner: postgres
--

ALTER TABLE ONLY public.codingapp_coursecontent
    ADD CONSTRAINT codingapp_coursecontent_pkey PRIMARY KEY (id);


--
-- TOC entry 5008 (class 2606 OID 16743)
-- Name: codingapp_group codingapp_group_name_key; Type: CONSTRAINT; Schema: public; Owner: postgres
--

ALTER TABLE ONLY public.codingapp_group
    ADD CONSTRAINT codingapp_group_name_key UNIQUE (name);


--
-- TOC entry 5010 (class 2606 OID 16741)
-- Name: codingapp_group codingapp_group_pkey; Type: CONSTRAINT; Schema: public; Owner: postgres
--

ALTER TABLE ONLY public.codingapp_group
    ADD CONSTRAINT codingapp_group_pkey PRIMARY KEY (id);


--
-- TOC entry 5013 (class 2606 OID 16755)
-- Name: codingapp_group_students codingapp_group_students_group_id_user_id_9a8f67e8_uniq; Type: CONSTRAINT; Schema: public; Owner: postgres
--

ALTER TABLE ONLY public.codingapp_group_students
    ADD CONSTRAINT codingapp_group_students_group_id_user_id_9a8f67e8_uniq UNIQUE (group_id, user_id);


--
-- TOC entry 5015 (class 2606 OID 16752)
-- Name: codingapp_group_students codingapp_group_students_pkey; Type: CONSTRAINT; Schema: public; Owner: postgres
--

ALTER TABLE ONLY public.codingapp_group_students
    ADD CONSTRAINT codingapp_group_students_pkey PRIMARY KEY (id);


--
-- TOC entry 5026 (class 2606 OID 16847)
-- Name: codingapp_module_groups codingapp_module_groups_module_id_group_id_aebcee2d_uniq; Type: CONSTRAINT; Schema: public; Owner: postgres
--

ALTER TABLE ONLY public.codingapp_module_groups
    ADD CONSTRAINT codingapp_module_groups_module_id_group_id_aebcee2d_uniq UNIQUE (module_id, group_id);


--
-- TOC entry 5028 (class 2606 OID 16831)
-- Name: codingapp_module_groups codingapp_module_groups_pkey; Type: CONSTRAINT; Schema: public; Owner: postgres
--

ALTER TABLE ONLY public.codingapp_module_groups
    ADD CONSTRAINT codingapp_module_groups_pkey PRIMARY KEY (id);


--
-- TOC entry 4968 (class 2606 OID 16582)
-- Name: codingapp_module codingapp_module_pkey; Type: CONSTRAINT; Schema: public; Owner: postgres
--

ALTER TABLE ONLY public.codingapp_module
    ADD CONSTRAINT codingapp_module_pkey PRIMARY KEY (id);


--
-- TOC entry 4971 (class 2606 OID 16586)
-- Name: codingapp_module codingapp_module_slug_key; Type: CONSTRAINT; Schema: public; Owner: postgres
--

ALTER TABLE ONLY public.codingapp_module
    ADD CONSTRAINT codingapp_module_slug_key UNIQUE (slug);


--
-- TOC entry 4974 (class 2606 OID 16584)
-- Name: codingapp_module codingapp_module_title_key; Type: CONSTRAINT; Schema: public; Owner: postgres
--

ALTER TABLE ONLY public.codingapp_module
    ADD CONSTRAINT codingapp_module_title_key UNIQUE (title);


--
-- TOC entry 5083 (class 2606 OID 17161)
-- Name: codingapp_modulecompletion codingapp_modulecompletion_pkey; Type: CONSTRAINT; Schema: public; Owner: postgres
--

ALTER TABLE ONLY public.codingapp_modulecompletion
    ADD CONSTRAINT codingapp_modulecompletion_pkey PRIMARY KEY (id);


--
-- TOC entry 5086 (class 2606 OID 17163)
-- Name: codingapp_modulecompletion codingapp_modulecompletion_user_id_module_id_8ddd90a6_uniq; Type: CONSTRAINT; Schema: public; Owner: postgres
--

ALTER TABLE ONLY public.codingapp_modulecompletion
    ADD CONSTRAINT codingapp_modulecompletion_user_id_module_id_8ddd90a6_uniq UNIQUE (user_id, module_id);


--
-- TOC entry 5052 (class 2606 OID 16990)
-- Name: codingapp_note codingapp_note_pkey; Type: CONSTRAINT; Schema: public; Owner: postgres
--

ALTER TABLE ONLY public.codingapp_note
    ADD CONSTRAINT codingapp_note_pkey PRIMARY KEY (id);


--
-- TOC entry 5057 (class 2606 OID 17016)
-- Name: codingapp_notice codingapp_notice_pkey; Type: CONSTRAINT; Schema: public; Owner: postgres
--

ALTER TABLE ONLY public.codingapp_notice
    ADD CONSTRAINT codingapp_notice_pkey PRIMARY KEY (id);


--
-- TOC entry 5060 (class 2606 OID 17040)
-- Name: codingapp_noticereadstatus codingapp_noticereadstatus_notice_id_user_id_6535fd54_uniq; Type: CONSTRAINT; Schema: public; Owner: postgres
--

ALTER TABLE ONLY public.codingapp_noticereadstatus
    ADD CONSTRAINT codingapp_noticereadstatus_notice_id_user_id_6535fd54_uniq UNIQUE (notice_id, user_id);


--
-- TOC entry 5062 (class 2606 OID 17026)
-- Name: codingapp_noticereadstatus codingapp_noticereadstatus_pkey; Type: CONSTRAINT; Schema: public; Owner: postgres
--

ALTER TABLE ONLY public.codingapp_noticereadstatus
    ADD CONSTRAINT codingapp_noticereadstatus_pkey PRIMARY KEY (id);


--
-- TOC entry 4977 (class 2606 OID 16617)
-- Name: codingapp_question codingapp_question_module_id_title_3346044e_uniq; Type: CONSTRAINT; Schema: public; Owner: postgres
--

ALTER TABLE ONLY public.codingapp_question
    ADD CONSTRAINT codingapp_question_module_id_title_3346044e_uniq UNIQUE (module_id, title);


--
-- TOC entry 4979 (class 2606 OID 16598)
-- Name: codingapp_question codingapp_question_pkey; Type: CONSTRAINT; Schema: public; Owner: postgres
--

ALTER TABLE ONLY public.codingapp_question
    ADD CONSTRAINT codingapp_question_pkey PRIMARY KEY (id);


--
-- TOC entry 5035 (class 2606 OID 16891)
-- Name: codingapp_quiz codingapp_quiz_pkey; Type: CONSTRAINT; Schema: public; Owner: postgres
--

ALTER TABLE ONLY public.codingapp_quiz
    ADD CONSTRAINT codingapp_quiz_pkey PRIMARY KEY (id);


--
-- TOC entry 5037 (class 2606 OID 16900)
-- Name: codingapp_quiz_questions codingapp_quiz_questions_pkey; Type: CONSTRAINT; Schema: public; Owner: postgres
--

ALTER TABLE ONLY public.codingapp_quiz_questions
    ADD CONSTRAINT codingapp_quiz_questions_pkey PRIMARY KEY (id);


--
-- TOC entry 5041 (class 2606 OID 16908)
-- Name: codingapp_quiz_questions codingapp_quiz_questions_quiz_id_question_id_a47c1f0a_uniq; Type: CONSTRAINT; Schema: public; Owner: postgres
--

ALTER TABLE ONLY public.codingapp_quiz_questions
    ADD CONSTRAINT codingapp_quiz_questions_quiz_id_question_id_a47c1f0a_uniq UNIQUE (quiz_id, question_id);


--
-- TOC entry 5047 (class 2606 OID 16941)
-- Name: codingapp_quizanswer codingapp_quizanswer_pkey; Type: CONSTRAINT; Schema: public; Owner: postgres
--

ALTER TABLE ONLY public.codingapp_quizanswer
    ADD CONSTRAINT codingapp_quizanswer_pkey PRIMARY KEY (id);


--
-- TOC entry 5043 (class 2606 OID 16931)
-- Name: codingapp_quizsubmission codingapp_quizsubmission_pkey; Type: CONSTRAINT; Schema: public; Owner: postgres
--

ALTER TABLE ONLY public.codingapp_quizsubmission
    ADD CONSTRAINT codingapp_quizsubmission_pkey PRIMARY KEY (id);


--
-- TOC entry 5078 (class 2606 OID 17131)
-- Name: codingapp_studentperformance codingapp_studentperformance_pkey; Type: CONSTRAINT; Schema: public; Owner: postgres
--

ALTER TABLE ONLY public.codingapp_studentperformance
    ADD CONSTRAINT codingapp_studentperformance_pkey PRIMARY KEY (id);


--
-- TOC entry 4981 (class 2606 OID 16613)
-- Name: codingapp_submission codingapp_submission_pkey; Type: CONSTRAINT; Schema: public; Owner: postgres
--

ALTER TABLE ONLY public.codingapp_submission
    ADD CONSTRAINT codingapp_submission_pkey PRIMARY KEY (id);


--
-- TOC entry 5030 (class 2606 OID 16868)
-- Name: codingapp_userprofile codingapp_userprofile_pkey; Type: CONSTRAINT; Schema: public; Owner: postgres
--

ALTER TABLE ONLY public.codingapp_userprofile
    ADD CONSTRAINT codingapp_userprofile_pkey PRIMARY KEY (id);


--
-- TOC entry 5032 (class 2606 OID 16870)
-- Name: codingapp_userprofile codingapp_userprofile_user_id_key; Type: CONSTRAINT; Schema: public; Owner: postgres
--

ALTER TABLE ONLY public.codingapp_userprofile
    ADD CONSTRAINT codingapp_userprofile_user_id_key UNIQUE (user_id);


--
-- TOC entry 4965 (class 2606 OID 16545)
-- Name: django_admin_log django_admin_log_pkey; Type: CONSTRAINT; Schema: public; Owner: postgres
--

ALTER TABLE ONLY public.django_admin_log
    ADD CONSTRAINT django_admin_log_pkey PRIMARY KEY (id);


--
-- TOC entry 4927 (class 2606 OID 16412)
-- Name: django_content_type django_content_type_app_label_model_76bd3d3b_uniq; Type: CONSTRAINT; Schema: public; Owner: postgres
--

ALTER TABLE ONLY public.django_content_type
    ADD CONSTRAINT django_content_type_app_label_model_76bd3d3b_uniq UNIQUE (app_label, model);


--
-- TOC entry 4929 (class 2606 OID 16410)
-- Name: django_content_type django_content_type_pkey; Type: CONSTRAINT; Schema: public; Owner: postgres
--

ALTER TABLE ONLY public.django_content_type
    ADD CONSTRAINT django_content_type_pkey PRIMARY KEY (id);


--
-- TOC entry 4925 (class 2606 OID 16400)
-- Name: django_migrations django_migrations_pkey; Type: CONSTRAINT; Schema: public; Owner: postgres
--

ALTER TABLE ONLY public.django_migrations
    ADD CONSTRAINT django_migrations_pkey PRIMARY KEY (id);


--
-- TOC entry 5089 (class 2606 OID 17185)
-- Name: django_session django_session_pkey; Type: CONSTRAINT; Schema: public; Owner: postgres
--

ALTER TABLE ONLY public.django_session
    ADD CONSTRAINT django_session_pkey PRIMARY KEY (session_key);


--
-- TOC entry 4935 (class 1259 OID 16569)
-- Name: auth_group_name_a6ea08ec_like; Type: INDEX; Schema: public; Owner: postgres
--

CREATE INDEX auth_group_name_a6ea08ec_like ON public.auth_group USING btree (name varchar_pattern_ops);


--
-- TOC entry 4940 (class 1259 OID 16500)
-- Name: auth_group_permissions_group_id_b120cbf9; Type: INDEX; Schema: public; Owner: postgres
--

CREATE INDEX auth_group_permissions_group_id_b120cbf9 ON public.auth_group_permissions USING btree (group_id);


--
-- TOC entry 4943 (class 1259 OID 16501)
-- Name: auth_group_permissions_permission_id_84c5c92e; Type: INDEX; Schema: public; Owner: postgres
--

CREATE INDEX auth_group_permissions_permission_id_84c5c92e ON public.auth_group_permissions USING btree (permission_id);


--
-- TOC entry 4930 (class 1259 OID 16486)
-- Name: auth_permission_content_type_id_2f476e4b; Type: INDEX; Schema: public; Owner: postgres
--

CREATE INDEX auth_permission_content_type_id_2f476e4b ON public.auth_permission USING btree (content_type_id);


--
-- TOC entry 4951 (class 1259 OID 16516)
-- Name: auth_user_groups_group_id_97559544; Type: INDEX; Schema: public; Owner: postgres
--

CREATE INDEX auth_user_groups_group_id_97559544 ON public.auth_user_groups USING btree (group_id);


--
-- TOC entry 4954 (class 1259 OID 16515)
-- Name: auth_user_groups_user_id_6a12ed8b; Type: INDEX; Schema: public; Owner: postgres
--

CREATE INDEX auth_user_groups_user_id_6a12ed8b ON public.auth_user_groups USING btree (user_id);


--
-- TOC entry 4957 (class 1259 OID 16530)
-- Name: auth_user_user_permissions_permission_id_1fbb5f2c; Type: INDEX; Schema: public; Owner: postgres
--

CREATE INDEX auth_user_user_permissions_permission_id_1fbb5f2c ON public.auth_user_user_permissions USING btree (permission_id);


--
-- TOC entry 4960 (class 1259 OID 16529)
-- Name: auth_user_user_permissions_user_id_a95ead1b; Type: INDEX; Schema: public; Owner: postgres
--

CREATE INDEX auth_user_user_permissions_user_id_a95ead1b ON public.auth_user_user_permissions USING btree (user_id);


--
-- TOC entry 4948 (class 1259 OID 16562)
-- Name: auth_user_username_6821ab7c_like; Type: INDEX; Schema: public; Owner: postgres
--

CREATE INDEX auth_user_username_6821ab7c_like ON public.auth_user USING btree (username varchar_pattern_ops);


--
-- TOC entry 5019 (class 1259 OID 16844)
-- Name: codingapp_assessment_groups_assessment_id_ccb8eaa8; Type: INDEX; Schema: public; Owner: postgres
--

CREATE INDEX codingapp_assessment_groups_assessment_id_ccb8eaa8 ON public.codingapp_assessment_groups USING btree (assessment_id);


--
-- TOC entry 5020 (class 1259 OID 16845)
-- Name: codingapp_assessment_groups_group_id_ccdb284d; Type: INDEX; Schema: public; Owner: postgres
--

CREATE INDEX codingapp_assessment_groups_group_id_ccdb284d ON public.codingapp_assessment_groups USING btree (group_id);


--
-- TOC entry 4986 (class 1259 OID 16973)
-- Name: codingapp_assessment_quiz_id_0148474f; Type: INDEX; Schema: public; Owner: postgres
--

CREATE INDEX codingapp_assessment_quiz_id_0148474f ON public.codingapp_assessment USING btree (quiz_id);


--
-- TOC entry 4989 (class 1259 OID 16688)
-- Name: codingapp_assessmentquestion_assessment_id_6c6bddcd; Type: INDEX; Schema: public; Owner: postgres
--

CREATE INDEX codingapp_assessmentquestion_assessment_id_6c6bddcd ON public.codingapp_assessmentquestion USING btree (assessment_id);


--
-- TOC entry 4992 (class 1259 OID 16689)
-- Name: codingapp_assessmentquestion_question_id_32e47ea7; Type: INDEX; Schema: public; Owner: postgres
--

CREATE INDEX codingapp_assessmentquestion_question_id_32e47ea7 ON public.codingapp_assessmentquestion USING btree (question_id);


--
-- TOC entry 5000 (class 1259 OID 16732)
-- Name: codingapp_assessmentsession_assessment_id_dbba2ac0; Type: INDEX; Schema: public; Owner: postgres
--

CREATE INDEX codingapp_assessmentsession_assessment_id_dbba2ac0 ON public.codingapp_assessmentsession USING btree (assessment_id);


--
-- TOC entry 5005 (class 1259 OID 16733)
-- Name: codingapp_assessmentsession_user_id_f9537599; Type: INDEX; Schema: public; Owner: postgres
--

CREATE INDEX codingapp_assessmentsession_user_id_f9537599 ON public.codingapp_assessmentsession USING btree (user_id);


--
-- TOC entry 4995 (class 1259 OID 16707)
-- Name: codingapp_assessmentsubmission_assessment_id_74ffcb7b; Type: INDEX; Schema: public; Owner: postgres
--

CREATE INDEX codingapp_assessmentsubmission_assessment_id_74ffcb7b ON public.codingapp_assessmentsubmission USING btree (assessment_id);


--
-- TOC entry 4998 (class 1259 OID 16708)
-- Name: codingapp_assessmentsubmission_question_id_163841a1; Type: INDEX; Schema: public; Owner: postgres
--

CREATE INDEX codingapp_assessmentsubmission_question_id_163841a1 ON public.codingapp_assessmentsubmission USING btree (question_id);


--
-- TOC entry 4999 (class 1259 OID 16709)
-- Name: codingapp_assessmentsubmission_user_id_8d6e3f4b; Type: INDEX; Schema: public; Owner: postgres
--

CREATE INDEX codingapp_assessmentsubmission_user_id_8d6e3f4b ON public.codingapp_assessmentsubmission USING btree (user_id);


--
-- TOC entry 5064 (class 1259 OID 17098)
-- Name: codingapp_course_created_by_id_c6a2f818; Type: INDEX; Schema: public; Owner: postgres
--

CREATE INDEX codingapp_course_created_by_id_c6a2f818 ON public.codingapp_course USING btree (created_by_id);


--
-- TOC entry 5067 (class 1259 OID 17111)
-- Name: codingapp_course_groups_course_id_e3e020db; Type: INDEX; Schema: public; Owner: postgres
--

CREATE INDEX codingapp_course_groups_course_id_e3e020db ON public.codingapp_course_groups USING btree (course_id);


--
-- TOC entry 5070 (class 1259 OID 17112)
-- Name: codingapp_course_groups_group_id_2d71ac71; Type: INDEX; Schema: public; Owner: postgres
--

CREATE INDEX codingapp_course_groups_group_id_2d71ac71 ON public.codingapp_course_groups USING btree (group_id);


--
-- TOC entry 5073 (class 1259 OID 17118)
-- Name: codingapp_coursecontent_course_id_05d8fa67; Type: INDEX; Schema: public; Owner: postgres
--

CREATE INDEX codingapp_coursecontent_course_id_05d8fa67 ON public.codingapp_coursecontent USING btree (course_id);


--
-- TOC entry 5006 (class 1259 OID 16753)
-- Name: codingapp_group_name_25a9c357_like; Type: INDEX; Schema: public; Owner: postgres
--

CREATE INDEX codingapp_group_name_25a9c357_like ON public.codingapp_group USING btree (name varchar_pattern_ops);


--
-- TOC entry 5011 (class 1259 OID 16766)
-- Name: codingapp_group_students_group_id_3e480c90; Type: INDEX; Schema: public; Owner: postgres
--

CREATE INDEX codingapp_group_students_group_id_3e480c90 ON public.codingapp_group_students USING btree (group_id);


--
-- TOC entry 5016 (class 1259 OID 16767)
-- Name: codingapp_group_students_user_id_8023c02e; Type: INDEX; Schema: public; Owner: postgres
--

CREATE INDEX codingapp_group_students_user_id_8023c02e ON public.codingapp_group_students USING btree (user_id);


--
-- TOC entry 5023 (class 1259 OID 16859)
-- Name: codingapp_module_groups_group_id_ec225dd6; Type: INDEX; Schema: public; Owner: postgres
--

CREATE INDEX codingapp_module_groups_group_id_ec225dd6 ON public.codingapp_module_groups USING btree (group_id);


--
-- TOC entry 5024 (class 1259 OID 16858)
-- Name: codingapp_module_groups_module_id_207f2d78; Type: INDEX; Schema: public; Owner: postgres
--

CREATE INDEX codingapp_module_groups_module_id_207f2d78 ON public.codingapp_module_groups USING btree (module_id);


--
-- TOC entry 4969 (class 1259 OID 16615)
-- Name: codingapp_module_slug_4d118a73_like; Type: INDEX; Schema: public; Owner: postgres
--

CREATE INDEX codingapp_module_slug_4d118a73_like ON public.codingapp_module USING btree (slug varchar_pattern_ops);


--
-- TOC entry 4972 (class 1259 OID 16614)
-- Name: codingapp_module_title_307911bf_like; Type: INDEX; Schema: public; Owner: postgres
--

CREATE INDEX codingapp_module_title_307911bf_like ON public.codingapp_module USING btree (title varchar_pattern_ops);


--
-- TOC entry 5081 (class 1259 OID 17174)
-- Name: codingapp_modulecompletion_module_id_89b04f62; Type: INDEX; Schema: public; Owner: postgres
--

CREATE INDEX codingapp_modulecompletion_module_id_89b04f62 ON public.codingapp_modulecompletion USING btree (module_id);


--
-- TOC entry 5084 (class 1259 OID 17175)
-- Name: codingapp_modulecompletion_user_id_379f9480; Type: INDEX; Schema: public; Owner: postgres
--

CREATE INDEX codingapp_modulecompletion_user_id_379f9480 ON public.codingapp_modulecompletion USING btree (user_id);


--
-- TOC entry 5050 (class 1259 OID 17002)
-- Name: codingapp_note_group_id_044b72f0; Type: INDEX; Schema: public; Owner: postgres
--

CREATE INDEX codingapp_note_group_id_044b72f0 ON public.codingapp_note USING btree (group_id);


--
-- TOC entry 5053 (class 1259 OID 16996)
-- Name: codingapp_note_uploaded_by_id_41b502d7; Type: INDEX; Schema: public; Owner: postgres
--

CREATE INDEX codingapp_note_uploaded_by_id_41b502d7 ON public.codingapp_note USING btree (uploaded_by_id);


--
-- TOC entry 5054 (class 1259 OID 17037)
-- Name: codingapp_notice_created_by_id_35ebc7c4; Type: INDEX; Schema: public; Owner: postgres
--

CREATE INDEX codingapp_notice_created_by_id_35ebc7c4 ON public.codingapp_notice USING btree (created_by_id);


--
-- TOC entry 5055 (class 1259 OID 17038)
-- Name: codingapp_notice_group_id_a0813343; Type: INDEX; Schema: public; Owner: postgres
--

CREATE INDEX codingapp_notice_group_id_a0813343 ON public.codingapp_notice USING btree (group_id);


--
-- TOC entry 5058 (class 1259 OID 17051)
-- Name: codingapp_noticereadstatus_notice_id_777aec91; Type: INDEX; Schema: public; Owner: postgres
--

CREATE INDEX codingapp_noticereadstatus_notice_id_777aec91 ON public.codingapp_noticereadstatus USING btree (notice_id);


--
-- TOC entry 5063 (class 1259 OID 17052)
-- Name: codingapp_noticereadstatus_user_id_dd34c50d; Type: INDEX; Schema: public; Owner: postgres
--

CREATE INDEX codingapp_noticereadstatus_user_id_dd34c50d ON public.codingapp_noticereadstatus USING btree (user_id);


--
-- TOC entry 4975 (class 1259 OID 16623)
-- Name: codingapp_question_module_id_58cbea7a; Type: INDEX; Schema: public; Owner: postgres
--

CREATE INDEX codingapp_question_module_id_58cbea7a ON public.codingapp_question USING btree (module_id);


--
-- TOC entry 5033 (class 1259 OID 16906)
-- Name: codingapp_quiz_created_by_id_1c2cc61b; Type: INDEX; Schema: public; Owner: postgres
--

CREATE INDEX codingapp_quiz_created_by_id_1c2cc61b ON public.codingapp_quiz USING btree (created_by_id);


--
-- TOC entry 5038 (class 1259 OID 16920)
-- Name: codingapp_quiz_questions_question_id_07cb9c70; Type: INDEX; Schema: public; Owner: postgres
--

CREATE INDEX codingapp_quiz_questions_question_id_07cb9c70 ON public.codingapp_quiz_questions USING btree (question_id);


--
-- TOC entry 5039 (class 1259 OID 16919)
-- Name: codingapp_quiz_questions_quiz_id_39dbba62; Type: INDEX; Schema: public; Owner: postgres
--

CREATE INDEX codingapp_quiz_questions_quiz_id_39dbba62 ON public.codingapp_quiz_questions USING btree (quiz_id);


--
-- TOC entry 5048 (class 1259 OID 16964)
-- Name: codingapp_quizanswer_question_id_38bddf15; Type: INDEX; Schema: public; Owner: postgres
--

CREATE INDEX codingapp_quizanswer_question_id_38bddf15 ON public.codingapp_quizanswer USING btree (question_id);


--
-- TOC entry 5049 (class 1259 OID 16965)
-- Name: codingapp_quizanswer_submission_id_c1a5edff; Type: INDEX; Schema: public; Owner: postgres
--

CREATE INDEX codingapp_quizanswer_submission_id_c1a5edff ON public.codingapp_quizanswer USING btree (submission_id);


--
-- TOC entry 5044 (class 1259 OID 16952)
-- Name: codingapp_quizsubmission_quiz_id_66b0d0a4; Type: INDEX; Schema: public; Owner: postgres
--

CREATE INDEX codingapp_quizsubmission_quiz_id_66b0d0a4 ON public.codingapp_quizsubmission USING btree (quiz_id);


--
-- TOC entry 5045 (class 1259 OID 16953)
-- Name: codingapp_quizsubmission_user_id_2dcd17cf; Type: INDEX; Schema: public; Owner: postgres
--

CREATE INDEX codingapp_quizsubmission_user_id_2dcd17cf ON public.codingapp_quizsubmission USING btree (user_id);


--
-- TOC entry 5076 (class 1259 OID 17147)
-- Name: codingapp_studentperformance_assessment_id_bc233177; Type: INDEX; Schema: public; Owner: postgres
--

CREATE INDEX codingapp_studentperformance_assessment_id_bc233177 ON public.codingapp_studentperformance USING btree (assessment_id);


--
-- TOC entry 5079 (class 1259 OID 17148)
-- Name: codingapp_studentperformance_question_id_9947cc92; Type: INDEX; Schema: public; Owner: postgres
--

CREATE INDEX codingapp_studentperformance_question_id_9947cc92 ON public.codingapp_studentperformance USING btree (question_id);


--
-- TOC entry 5080 (class 1259 OID 17149)
-- Name: codingapp_studentperformance_student_id_37d263b1; Type: INDEX; Schema: public; Owner: postgres
--

CREATE INDEX codingapp_studentperformance_student_id_37d263b1 ON public.codingapp_studentperformance USING btree (student_id);


--
-- TOC entry 4982 (class 1259 OID 16634)
-- Name: codingapp_submission_question_id_2e838671; Type: INDEX; Schema: public; Owner: postgres
--

CREATE INDEX codingapp_submission_question_id_2e838671 ON public.codingapp_submission USING btree (question_id);


--
-- TOC entry 4983 (class 1259 OID 16635)
-- Name: codingapp_submission_user_id_da8b5a2a; Type: INDEX; Schema: public; Owner: postgres
--

CREATE INDEX codingapp_submission_user_id_da8b5a2a ON public.codingapp_submission USING btree (user_id);


--
-- TOC entry 4963 (class 1259 OID 16556)
-- Name: django_admin_log_content_type_id_c4bce8eb; Type: INDEX; Schema: public; Owner: postgres
--

CREATE INDEX django_admin_log_content_type_id_c4bce8eb ON public.django_admin_log USING btree (content_type_id);


--
-- TOC entry 4966 (class 1259 OID 16557)
-- Name: django_admin_log_user_id_c564eba6; Type: INDEX; Schema: public; Owner: postgres
--

CREATE INDEX django_admin_log_user_id_c564eba6 ON public.django_admin_log USING btree (user_id);


--
-- TOC entry 5087 (class 1259 OID 17187)
-- Name: django_session_expire_date_a5c62663; Type: INDEX; Schema: public; Owner: postgres
--

CREATE INDEX django_session_expire_date_a5c62663 ON public.django_session USING btree (expire_date);


--
-- TOC entry 5090 (class 1259 OID 17186)
-- Name: django_session_session_key_c0390e0f_like; Type: INDEX; Schema: public; Owner: postgres
--

CREATE INDEX django_session_session_key_c0390e0f_like ON public.django_session USING btree (session_key varchar_pattern_ops);


--
-- TOC entry 5092 (class 2606 OID 16495)
-- Name: auth_group_permissions auth_group_permissio_permission_id_84c5c92e_fk_auth_perm; Type: FK CONSTRAINT; Schema: public; Owner: postgres
--

ALTER TABLE ONLY public.auth_group_permissions
    ADD CONSTRAINT auth_group_permissio_permission_id_84c5c92e_fk_auth_perm FOREIGN KEY (permission_id) REFERENCES public.auth_permission(id) DEFERRABLE INITIALLY DEFERRED;


--
-- TOC entry 5093 (class 2606 OID 16490)
-- Name: auth_group_permissions auth_group_permissions_group_id_b120cbf9_fk_auth_group_id; Type: FK CONSTRAINT; Schema: public; Owner: postgres
--

ALTER TABLE ONLY public.auth_group_permissions
    ADD CONSTRAINT auth_group_permissions_group_id_b120cbf9_fk_auth_group_id FOREIGN KEY (group_id) REFERENCES public.auth_group(id) DEFERRABLE INITIALLY DEFERRED;


--
-- TOC entry 5091 (class 2606 OID 16481)
-- Name: auth_permission auth_permission_content_type_id_2f476e4b_fk_django_co; Type: FK CONSTRAINT; Schema: public; Owner: postgres
--

ALTER TABLE ONLY public.auth_permission
    ADD CONSTRAINT auth_permission_content_type_id_2f476e4b_fk_django_co FOREIGN KEY (content_type_id) REFERENCES public.django_content_type(id) DEFERRABLE INITIALLY DEFERRED;


--
-- TOC entry 5094 (class 2606 OID 16510)
-- Name: auth_user_groups auth_user_groups_group_id_97559544_fk_auth_group_id; Type: FK CONSTRAINT; Schema: public; Owner: postgres
--

ALTER TABLE ONLY public.auth_user_groups
    ADD CONSTRAINT auth_user_groups_group_id_97559544_fk_auth_group_id FOREIGN KEY (group_id) REFERENCES public.auth_group(id) DEFERRABLE INITIALLY DEFERRED;


--
-- TOC entry 5095 (class 2606 OID 16505)
-- Name: auth_user_groups auth_user_groups_user_id_6a12ed8b_fk_auth_user_id; Type: FK CONSTRAINT; Schema: public; Owner: postgres
--

ALTER TABLE ONLY public.auth_user_groups
    ADD CONSTRAINT auth_user_groups_user_id_6a12ed8b_fk_auth_user_id FOREIGN KEY (user_id) REFERENCES public.auth_user(id) DEFERRABLE INITIALLY DEFERRED;


--
-- TOC entry 5096 (class 2606 OID 16524)
-- Name: auth_user_user_permissions auth_user_user_permi_permission_id_1fbb5f2c_fk_auth_perm; Type: FK CONSTRAINT; Schema: public; Owner: postgres
--

ALTER TABLE ONLY public.auth_user_user_permissions
    ADD CONSTRAINT auth_user_user_permi_permission_id_1fbb5f2c_fk_auth_perm FOREIGN KEY (permission_id) REFERENCES public.auth_permission(id) DEFERRABLE INITIALLY DEFERRED;


--
-- TOC entry 5097 (class 2606 OID 16519)
-- Name: auth_user_user_permissions auth_user_user_permissions_user_id_a95ead1b_fk_auth_user_id; Type: FK CONSTRAINT; Schema: public; Owner: postgres
--

ALTER TABLE ONLY public.auth_user_user_permissions
    ADD CONSTRAINT auth_user_user_permissions_user_id_a95ead1b_fk_auth_user_id FOREIGN KEY (user_id) REFERENCES public.auth_user(id) DEFERRABLE INITIALLY DEFERRED;


--
-- TOC entry 5104 (class 2606 OID 16678)
-- Name: codingapp_assessmentquestion codingapp_assessment_assessment_id_6c6bddcd_fk_codingapp; Type: FK CONSTRAINT; Schema: public; Owner: postgres
--

ALTER TABLE ONLY public.codingapp_assessmentquestion
    ADD CONSTRAINT codingapp_assessment_assessment_id_6c6bddcd_fk_codingapp FOREIGN KEY (assessment_id) REFERENCES public.codingapp_assessment(id) DEFERRABLE INITIALLY DEFERRED;


--
-- TOC entry 5106 (class 2606 OID 16692)
-- Name: codingapp_assessmentsubmission codingapp_assessment_assessment_id_74ffcb7b_fk_codingapp; Type: FK CONSTRAINT; Schema: public; Owner: postgres
--

ALTER TABLE ONLY public.codingapp_assessmentsubmission
    ADD CONSTRAINT codingapp_assessment_assessment_id_74ffcb7b_fk_codingapp FOREIGN KEY (assessment_id) REFERENCES public.codingapp_assessment(id) DEFERRABLE INITIALLY DEFERRED;


--
-- TOC entry 5113 (class 2606 OID 16834)
-- Name: codingapp_assessment_groups codingapp_assessment_assessment_id_ccb8eaa8_fk_codingapp; Type: FK CONSTRAINT; Schema: public; Owner: postgres
--

ALTER TABLE ONLY public.codingapp_assessment_groups
    ADD CONSTRAINT codingapp_assessment_assessment_id_ccb8eaa8_fk_codingapp FOREIGN KEY (assessment_id) REFERENCES public.codingapp_assessment(id) DEFERRABLE INITIALLY DEFERRED;


--
-- TOC entry 5109 (class 2606 OID 16722)
-- Name: codingapp_assessmentsession codingapp_assessment_assessment_id_dbba2ac0_fk_codingapp; Type: FK CONSTRAINT; Schema: public; Owner: postgres
--

ALTER TABLE ONLY public.codingapp_assessmentsession
    ADD CONSTRAINT codingapp_assessment_assessment_id_dbba2ac0_fk_codingapp FOREIGN KEY (assessment_id) REFERENCES public.codingapp_assessment(id) DEFERRABLE INITIALLY DEFERRED;


--
-- TOC entry 5114 (class 2606 OID 16839)
-- Name: codingapp_assessment_groups codingapp_assessment_group_id_ccdb284d_fk_codingapp; Type: FK CONSTRAINT; Schema: public; Owner: postgres
--

ALTER TABLE ONLY public.codingapp_assessment_groups
    ADD CONSTRAINT codingapp_assessment_group_id_ccdb284d_fk_codingapp FOREIGN KEY (group_id) REFERENCES public.codingapp_group(id) DEFERRABLE INITIALLY DEFERRED;


--
-- TOC entry 5107 (class 2606 OID 16697)
-- Name: codingapp_assessmentsubmission codingapp_assessment_question_id_163841a1_fk_codingapp; Type: FK CONSTRAINT; Schema: public; Owner: postgres
--

ALTER TABLE ONLY public.codingapp_assessmentsubmission
    ADD CONSTRAINT codingapp_assessment_question_id_163841a1_fk_codingapp FOREIGN KEY (question_id) REFERENCES public.codingapp_question(id) DEFERRABLE INITIALLY DEFERRED;


--
-- TOC entry 5105 (class 2606 OID 16683)
-- Name: codingapp_assessmentquestion codingapp_assessment_question_id_32e47ea7_fk_codingapp; Type: FK CONSTRAINT; Schema: public; Owner: postgres
--

ALTER TABLE ONLY public.codingapp_assessmentquestion
    ADD CONSTRAINT codingapp_assessment_question_id_32e47ea7_fk_codingapp FOREIGN KEY (question_id) REFERENCES public.codingapp_question(id) DEFERRABLE INITIALLY DEFERRED;


--
-- TOC entry 5103 (class 2606 OID 16966)
-- Name: codingapp_assessment codingapp_assessment_quiz_id_0148474f_fk_codingapp_quiz_id; Type: FK CONSTRAINT; Schema: public; Owner: postgres
--

ALTER TABLE ONLY public.codingapp_assessment
    ADD CONSTRAINT codingapp_assessment_quiz_id_0148474f_fk_codingapp_quiz_id FOREIGN KEY (quiz_id) REFERENCES public.codingapp_quiz(id) DEFERRABLE INITIALLY DEFERRED;


--
-- TOC entry 5110 (class 2606 OID 16727)
-- Name: codingapp_assessmentsession codingapp_assessmentsession_user_id_f9537599_fk_auth_user_id; Type: FK CONSTRAINT; Schema: public; Owner: postgres
--

ALTER TABLE ONLY public.codingapp_assessmentsession
    ADD CONSTRAINT codingapp_assessmentsession_user_id_f9537599_fk_auth_user_id FOREIGN KEY (user_id) REFERENCES public.auth_user(id) DEFERRABLE INITIALLY DEFERRED;


--
-- TOC entry 5108 (class 2606 OID 16702)
-- Name: codingapp_assessmentsubmission codingapp_assessmentsubmission_user_id_8d6e3f4b_fk_auth_user_id; Type: FK CONSTRAINT; Schema: public; Owner: postgres
--

ALTER TABLE ONLY public.codingapp_assessmentsubmission
    ADD CONSTRAINT codingapp_assessmentsubmission_user_id_8d6e3f4b_fk_auth_user_id FOREIGN KEY (user_id) REFERENCES public.auth_user(id) DEFERRABLE INITIALLY DEFERRED;


--
-- TOC entry 5131 (class 2606 OID 17093)
-- Name: codingapp_course codingapp_course_created_by_id_c6a2f818_fk_auth_user_id; Type: FK CONSTRAINT; Schema: public; Owner: postgres
--

ALTER TABLE ONLY public.codingapp_course
    ADD CONSTRAINT codingapp_course_created_by_id_c6a2f818_fk_auth_user_id FOREIGN KEY (created_by_id) REFERENCES public.auth_user(id) DEFERRABLE INITIALLY DEFERRED;


--
-- TOC entry 5132 (class 2606 OID 17101)
-- Name: codingapp_course_groups codingapp_course_gro_course_id_e3e020db_fk_codingapp; Type: FK CONSTRAINT; Schema: public; Owner: postgres
--

ALTER TABLE ONLY public.codingapp_course_groups
    ADD CONSTRAINT codingapp_course_gro_course_id_e3e020db_fk_codingapp FOREIGN KEY (course_id) REFERENCES public.codingapp_course(id) DEFERRABLE INITIALLY DEFERRED;


--
-- TOC entry 5133 (class 2606 OID 17106)
-- Name: codingapp_course_groups codingapp_course_groups_group_id_2d71ac71_fk_codingapp_group_id; Type: FK CONSTRAINT; Schema: public; Owner: postgres
--

ALTER TABLE ONLY public.codingapp_course_groups
    ADD CONSTRAINT codingapp_course_groups_group_id_2d71ac71_fk_codingapp_group_id FOREIGN KEY (group_id) REFERENCES public.codingapp_group(id) DEFERRABLE INITIALLY DEFERRED;


--
-- TOC entry 5134 (class 2606 OID 17113)
-- Name: codingapp_coursecontent codingapp_coursecont_course_id_05d8fa67_fk_codingapp; Type: FK CONSTRAINT; Schema: public; Owner: postgres
--

ALTER TABLE ONLY public.codingapp_coursecontent
    ADD CONSTRAINT codingapp_coursecont_course_id_05d8fa67_fk_codingapp FOREIGN KEY (course_id) REFERENCES public.codingapp_course(id) DEFERRABLE INITIALLY DEFERRED;


--
-- TOC entry 5111 (class 2606 OID 16756)
-- Name: codingapp_group_students codingapp_group_stud_group_id_3e480c90_fk_codingapp; Type: FK CONSTRAINT; Schema: public; Owner: postgres
--

ALTER TABLE ONLY public.codingapp_group_students
    ADD CONSTRAINT codingapp_group_stud_group_id_3e480c90_fk_codingapp FOREIGN KEY (group_id) REFERENCES public.codingapp_group(id) DEFERRABLE INITIALLY DEFERRED;


--
-- TOC entry 5112 (class 2606 OID 16761)
-- Name: codingapp_group_students codingapp_group_students_user_id_8023c02e_fk_auth_user_id; Type: FK CONSTRAINT; Schema: public; Owner: postgres
--

ALTER TABLE ONLY public.codingapp_group_students
    ADD CONSTRAINT codingapp_group_students_user_id_8023c02e_fk_auth_user_id FOREIGN KEY (user_id) REFERENCES public.auth_user(id) DEFERRABLE INITIALLY DEFERRED;


--
-- TOC entry 5115 (class 2606 OID 16848)
-- Name: codingapp_module_groups codingapp_module_gro_module_id_207f2d78_fk_codingapp; Type: FK CONSTRAINT; Schema: public; Owner: postgres
--

ALTER TABLE ONLY public.codingapp_module_groups
    ADD CONSTRAINT codingapp_module_gro_module_id_207f2d78_fk_codingapp FOREIGN KEY (module_id) REFERENCES public.codingapp_module(id) DEFERRABLE INITIALLY DEFERRED;


--
-- TOC entry 5116 (class 2606 OID 16853)
-- Name: codingapp_module_groups codingapp_module_groups_group_id_ec225dd6_fk_codingapp_group_id; Type: FK CONSTRAINT; Schema: public; Owner: postgres
--

ALTER TABLE ONLY public.codingapp_module_groups
    ADD CONSTRAINT codingapp_module_groups_group_id_ec225dd6_fk_codingapp_group_id FOREIGN KEY (group_id) REFERENCES public.codingapp_group(id) DEFERRABLE INITIALLY DEFERRED;


--
-- TOC entry 5138 (class 2606 OID 17164)
-- Name: codingapp_modulecompletion codingapp_modulecomp_module_id_89b04f62_fk_codingapp; Type: FK CONSTRAINT; Schema: public; Owner: postgres
--

ALTER TABLE ONLY public.codingapp_modulecompletion
    ADD CONSTRAINT codingapp_modulecomp_module_id_89b04f62_fk_codingapp FOREIGN KEY (module_id) REFERENCES public.codingapp_module(id) DEFERRABLE INITIALLY DEFERRED;


--
-- TOC entry 5139 (class 2606 OID 17169)
-- Name: codingapp_modulecompletion codingapp_modulecompletion_user_id_379f9480_fk_auth_user_id; Type: FK CONSTRAINT; Schema: public; Owner: postgres
--

ALTER TABLE ONLY public.codingapp_modulecompletion
    ADD CONSTRAINT codingapp_modulecompletion_user_id_379f9480_fk_auth_user_id FOREIGN KEY (user_id) REFERENCES public.auth_user(id) DEFERRABLE INITIALLY DEFERRED;


--
-- TOC entry 5125 (class 2606 OID 16997)
-- Name: codingapp_note codingapp_note_group_id_044b72f0_fk_codingapp_group_id; Type: FK CONSTRAINT; Schema: public; Owner: postgres
--

ALTER TABLE ONLY public.codingapp_note
    ADD CONSTRAINT codingapp_note_group_id_044b72f0_fk_codingapp_group_id FOREIGN KEY (group_id) REFERENCES public.codingapp_group(id) DEFERRABLE INITIALLY DEFERRED;


--
-- TOC entry 5126 (class 2606 OID 16991)
-- Name: codingapp_note codingapp_note_uploaded_by_id_41b502d7_fk_auth_user_id; Type: FK CONSTRAINT; Schema: public; Owner: postgres
--

ALTER TABLE ONLY public.codingapp_note
    ADD CONSTRAINT codingapp_note_uploaded_by_id_41b502d7_fk_auth_user_id FOREIGN KEY (uploaded_by_id) REFERENCES public.auth_user(id) DEFERRABLE INITIALLY DEFERRED;


--
-- TOC entry 5127 (class 2606 OID 17027)
-- Name: codingapp_notice codingapp_notice_created_by_id_35ebc7c4_fk_auth_user_id; Type: FK CONSTRAINT; Schema: public; Owner: postgres
--

ALTER TABLE ONLY public.codingapp_notice
    ADD CONSTRAINT codingapp_notice_created_by_id_35ebc7c4_fk_auth_user_id FOREIGN KEY (created_by_id) REFERENCES public.auth_user(id) DEFERRABLE INITIALLY DEFERRED;


--
-- TOC entry 5128 (class 2606 OID 17032)
-- Name: codingapp_notice codingapp_notice_group_id_a0813343_fk_codingapp_group_id; Type: FK CONSTRAINT; Schema: public; Owner: postgres
--

ALTER TABLE ONLY public.codingapp_notice
    ADD CONSTRAINT codingapp_notice_group_id_a0813343_fk_codingapp_group_id FOREIGN KEY (group_id) REFERENCES public.codingapp_group(id) DEFERRABLE INITIALLY DEFERRED;


--
-- TOC entry 5129 (class 2606 OID 17041)
-- Name: codingapp_noticereadstatus codingapp_noticeread_notice_id_777aec91_fk_codingapp; Type: FK CONSTRAINT; Schema: public; Owner: postgres
--

ALTER TABLE ONLY public.codingapp_noticereadstatus
    ADD CONSTRAINT codingapp_noticeread_notice_id_777aec91_fk_codingapp FOREIGN KEY (notice_id) REFERENCES public.codingapp_notice(id) DEFERRABLE INITIALLY DEFERRED;


--
-- TOC entry 5130 (class 2606 OID 17046)
-- Name: codingapp_noticereadstatus codingapp_noticereadstatus_user_id_dd34c50d_fk_auth_user_id; Type: FK CONSTRAINT; Schema: public; Owner: postgres
--

ALTER TABLE ONLY public.codingapp_noticereadstatus
    ADD CONSTRAINT codingapp_noticereadstatus_user_id_dd34c50d_fk_auth_user_id FOREIGN KEY (user_id) REFERENCES public.auth_user(id) DEFERRABLE INITIALLY DEFERRED;


--
-- TOC entry 5100 (class 2606 OID 16618)
-- Name: codingapp_question codingapp_question_module_id_58cbea7a_fk_codingapp_module_id; Type: FK CONSTRAINT; Schema: public; Owner: postgres
--

ALTER TABLE ONLY public.codingapp_question
    ADD CONSTRAINT codingapp_question_module_id_58cbea7a_fk_codingapp_module_id FOREIGN KEY (module_id) REFERENCES public.codingapp_module(id) DEFERRABLE INITIALLY DEFERRED;


--
-- TOC entry 5118 (class 2606 OID 16901)
-- Name: codingapp_quiz codingapp_quiz_created_by_id_1c2cc61b_fk_auth_user_id; Type: FK CONSTRAINT; Schema: public; Owner: postgres
--

ALTER TABLE ONLY public.codingapp_quiz
    ADD CONSTRAINT codingapp_quiz_created_by_id_1c2cc61b_fk_auth_user_id FOREIGN KEY (created_by_id) REFERENCES public.auth_user(id) DEFERRABLE INITIALLY DEFERRED;


--
-- TOC entry 5119 (class 2606 OID 16914)
-- Name: codingapp_quiz_questions codingapp_quiz_quest_question_id_07cb9c70_fk_codingapp; Type: FK CONSTRAINT; Schema: public; Owner: postgres
--

ALTER TABLE ONLY public.codingapp_quiz_questions
    ADD CONSTRAINT codingapp_quiz_quest_question_id_07cb9c70_fk_codingapp FOREIGN KEY (question_id) REFERENCES public.codingapp_question(id) DEFERRABLE INITIALLY DEFERRED;


--
-- TOC entry 5120 (class 2606 OID 16909)
-- Name: codingapp_quiz_questions codingapp_quiz_questions_quiz_id_39dbba62_fk_codingapp_quiz_id; Type: FK CONSTRAINT; Schema: public; Owner: postgres
--

ALTER TABLE ONLY public.codingapp_quiz_questions
    ADD CONSTRAINT codingapp_quiz_questions_quiz_id_39dbba62_fk_codingapp_quiz_id FOREIGN KEY (quiz_id) REFERENCES public.codingapp_quiz(id) DEFERRABLE INITIALLY DEFERRED;


--
-- TOC entry 5123 (class 2606 OID 16954)
-- Name: codingapp_quizanswer codingapp_quizanswer_question_id_38bddf15_fk_codingapp; Type: FK CONSTRAINT; Schema: public; Owner: postgres
--

ALTER TABLE ONLY public.codingapp_quizanswer
    ADD CONSTRAINT codingapp_quizanswer_question_id_38bddf15_fk_codingapp FOREIGN KEY (question_id) REFERENCES public.codingapp_question(id) DEFERRABLE INITIALLY DEFERRED;


--
-- TOC entry 5124 (class 2606 OID 16959)
-- Name: codingapp_quizanswer codingapp_quizanswer_submission_id_c1a5edff_fk_codingapp; Type: FK CONSTRAINT; Schema: public; Owner: postgres
--

ALTER TABLE ONLY public.codingapp_quizanswer
    ADD CONSTRAINT codingapp_quizanswer_submission_id_c1a5edff_fk_codingapp FOREIGN KEY (submission_id) REFERENCES public.codingapp_quizsubmission(id) DEFERRABLE INITIALLY DEFERRED;


--
-- TOC entry 5121 (class 2606 OID 16942)
-- Name: codingapp_quizsubmission codingapp_quizsubmission_quiz_id_66b0d0a4_fk_codingapp_quiz_id; Type: FK CONSTRAINT; Schema: public; Owner: postgres
--

ALTER TABLE ONLY public.codingapp_quizsubmission
    ADD CONSTRAINT codingapp_quizsubmission_quiz_id_66b0d0a4_fk_codingapp_quiz_id FOREIGN KEY (quiz_id) REFERENCES public.codingapp_quiz(id) DEFERRABLE INITIALLY DEFERRED;


--
-- TOC entry 5122 (class 2606 OID 16947)
-- Name: codingapp_quizsubmission codingapp_quizsubmission_user_id_2dcd17cf_fk_auth_user_id; Type: FK CONSTRAINT; Schema: public; Owner: postgres
--

ALTER TABLE ONLY public.codingapp_quizsubmission
    ADD CONSTRAINT codingapp_quizsubmission_user_id_2dcd17cf_fk_auth_user_id FOREIGN KEY (user_id) REFERENCES public.auth_user(id) DEFERRABLE INITIALLY DEFERRED;


--
-- TOC entry 5135 (class 2606 OID 17132)
-- Name: codingapp_studentperformance codingapp_studentper_assessment_id_bc233177_fk_codingapp; Type: FK CONSTRAINT; Schema: public; Owner: postgres
--

ALTER TABLE ONLY public.codingapp_studentperformance
    ADD CONSTRAINT codingapp_studentper_assessment_id_bc233177_fk_codingapp FOREIGN KEY (assessment_id) REFERENCES public.codingapp_assessment(id) DEFERRABLE INITIALLY DEFERRED;


--
-- TOC entry 5136 (class 2606 OID 17137)
-- Name: codingapp_studentperformance codingapp_studentper_question_id_9947cc92_fk_codingapp; Type: FK CONSTRAINT; Schema: public; Owner: postgres
--

ALTER TABLE ONLY public.codingapp_studentperformance
    ADD CONSTRAINT codingapp_studentper_question_id_9947cc92_fk_codingapp FOREIGN KEY (question_id) REFERENCES public.codingapp_question(id) DEFERRABLE INITIALLY DEFERRED;


--
-- TOC entry 5137 (class 2606 OID 17142)
-- Name: codingapp_studentperformance codingapp_studentper_student_id_37d263b1_fk_auth_user; Type: FK CONSTRAINT; Schema: public; Owner: postgres
--

ALTER TABLE ONLY public.codingapp_studentperformance
    ADD CONSTRAINT codingapp_studentper_student_id_37d263b1_fk_auth_user FOREIGN KEY (student_id) REFERENCES public.auth_user(id) DEFERRABLE INITIALLY DEFERRED;


--
-- TOC entry 5101 (class 2606 OID 16624)
-- Name: codingapp_submission codingapp_submission_question_id_2e838671_fk_codingapp; Type: FK CONSTRAINT; Schema: public; Owner: postgres
--

ALTER TABLE ONLY public.codingapp_submission
    ADD CONSTRAINT codingapp_submission_question_id_2e838671_fk_codingapp FOREIGN KEY (question_id) REFERENCES public.codingapp_question(id) DEFERRABLE INITIALLY DEFERRED;


--
-- TOC entry 5102 (class 2606 OID 16629)
-- Name: codingapp_submission codingapp_submission_user_id_da8b5a2a_fk_auth_user_id; Type: FK CONSTRAINT; Schema: public; Owner: postgres
--

ALTER TABLE ONLY public.codingapp_submission
    ADD CONSTRAINT codingapp_submission_user_id_da8b5a2a_fk_auth_user_id FOREIGN KEY (user_id) REFERENCES public.auth_user(id) DEFERRABLE INITIALLY DEFERRED;


--
-- TOC entry 5117 (class 2606 OID 16871)
-- Name: codingapp_userprofile codingapp_userprofile_user_id_20a88766_fk_auth_user_id; Type: FK CONSTRAINT; Schema: public; Owner: postgres
--

ALTER TABLE ONLY public.codingapp_userprofile
    ADD CONSTRAINT codingapp_userprofile_user_id_20a88766_fk_auth_user_id FOREIGN KEY (user_id) REFERENCES public.auth_user(id) DEFERRABLE INITIALLY DEFERRED;


--
-- TOC entry 5098 (class 2606 OID 16546)
-- Name: django_admin_log django_admin_log_content_type_id_c4bce8eb_fk_django_co; Type: FK CONSTRAINT; Schema: public; Owner: postgres
--

ALTER TABLE ONLY public.django_admin_log
    ADD CONSTRAINT django_admin_log_content_type_id_c4bce8eb_fk_django_co FOREIGN KEY (content_type_id) REFERENCES public.django_content_type(id) DEFERRABLE INITIALLY DEFERRED;


--
-- TOC entry 5099 (class 2606 OID 16551)
-- Name: django_admin_log django_admin_log_user_id_c564eba6_fk_auth_user_id; Type: FK CONSTRAINT; Schema: public; Owner: postgres
--

ALTER TABLE ONLY public.django_admin_log
    ADD CONSTRAINT django_admin_log_user_id_c564eba6_fk_auth_user_id FOREIGN KEY (user_id) REFERENCES public.auth_user(id) DEFERRABLE INITIALLY DEFERRED;


-- Completed on 2025-08-27 13:20:59

--
-- PostgreSQL database dump complete
--

\unrestrict 5RXFQVch4rfJSTfBf3G7QelHavvs0EkWfLvjRTrA7uu0TQCysC0L1Lto6lKe3od

